Input_Len,Pred_Len,Rate,Model,Loss,Active_Features_Count,Active_Features
100,100,10,AGLSTM,TailMSE,1,098|era5_surface_merged_all_filter_normalized|mgws
100,100,10,AGLSTM,FadeTailDist,1,110|era5_surface_merged_all_filter_normalized|avg_ingwss
100,100,10,AGLSTM,TailW1,1,126|era5_surface_merged_all_filter_normalized|avg_snlwrfcs
100,100,10,AGLSTM,FadeDist,1,236|era5_surface_merged_all_filter_normalized|mx2t
100,100,10,AGLSTM,RMSE,1,085|era5_surface_merged_all_filter_normalized|ttrc
100,100,10,AGLSTM,W1,1,236|era5_surface_merged_all_filter_normalized|mx2t
100,100,10,AGLSTM,W2,1,098|era5_surface_merged_all_filter_normalized|mgws
100,300,10,AGLSTM,TailMSE,1,085|era5_surface_merged_all_filter_normalized|ttrc
100,300,10,AGLSTM,FadeTailDist,1,151|era5_surface_merged_all_filter_normalized|v10n
100,300,10,AGLSTM,TailW1,1,139|era5_surface_merged_all_filter_normalized|v10
100,300,10,AGLSTM,FadeDist,1,098|era5_surface_merged_all_filter_normalized|mgws
100,300,10,AGLSTM,RMSE,1,236|era5_surface_merged_all_filter_normalized|mx2t
100,300,10,AGLSTM,W1,1,110|era5_surface_merged_all_filter_normalized|avg_ingwss
100,300,10,AGLSTM,W2,1,149|era5_surface_merged_all_filter_normalized|v100
100,900,10,AGLSTM,TailMSE,1,149|era5_surface_merged_all_filter_normalized|v100
100,900,10,AGLSTM,FadeTailDist,1,236|era5_surface_merged_all_filter_normalized|mx2t
100,900,10,AGLSTM,TailW1,1,110|era5_surface_merged_all_filter_normalized|avg_ingwss
100,900,10,AGLSTM,FadeDist,1,237|era5_surface_merged_all_filter_normalized|mn2t
100,900,10,AGLSTM,RMSE,1,139|era5_surface_merged_all_filter_normalized|v10
100,900,10,AGLSTM,W1,1,139|era5_surface_merged_all_filter_normalized|v10
100,900,10,AGLSTM,W2,1,139|era5_surface_merged_all_filter_normalized|v10
100,1500,10,AGLSTM,TailMSE,1,151|era5_surface_merged_all_filter_normalized|v10n
100,1500,10,AGLSTM,FadeTailDist,1,236|era5_surface_merged_all_filter_normalized|mx2t
100,1500,10,AGLSTM,TailW1,1,139|era5_surface_merged_all_filter_normalized|v10
100,1500,10,AGLSTM,FadeDist,1,098|era5_surface_merged_all_filter_normalized|mgws
100,1500,10,AGLSTM,RMSE,1,098|era5_surface_merged_all_filter_normalized|mgws
100,1500,10,AGLSTM,W1,1,236|era5_surface_merged_all_filter_normalized|mx2t
100,1500,10,AGLSTM,W2,1,052|era5_pressure_merged_650hPa_filtered_normalized|cc
100,2100,10,AGLSTM,TailMSE,1,149|era5_surface_merged_all_filter_normalized|v100
100,2100,10,AGLSTM,FadeTailDist,1,133|era5_surface_merged_all_filter_normalized|avg_tnlwrfcs
100,2100,10,AGLSTM,TailW1,1,181|era5_surface_merged_all_filter_normalized|tsn
100,2100,10,AGLSTM,FadeDist,1,139|era5_surface_merged_all_filter_normalized|v10
100,2100,10,AGLSTM,RMSE,1,237|era5_surface_merged_all_filter_normalized|mn2t
100,2100,10,AGLSTM,W1,1,141|era5_surface_merged_all_filter_normalized|t2m
100,2100,10,AGLSTM,W2,1,110|era5_surface_merged_all_filter_normalized|avg_ingwss
100,2700,10,AGLSTM,RMSE,1,236|era5_surface_merged_all_filter_normalized|mx2t
100,2700,10,AGLSTM,W1,1,110|era5_surface_merged_all_filter_normalized|avg_ingwss
100,2700,10,AGLSTM,W2,1,236|era5_surface_merged_all_filter_normalized|mx2t
100,2700,10,AGLSTM,FadeTailDist,1,098|era5_surface_merged_all_filter_normalized|mgws
100,2700,10,AGLSTM,TailMSE,1,133|era5_surface_merged_all_filter_normalized|avg_tnlwrfcs
100,2700,10,AGLSTM,TailW1,1,142|era5_surface_merged_all_filter_normalized|msl
100,2700,10,AGLSTM,FadeDist,1,110|era5_surface_merged_all_filter_normalized|avg_ingwss
100,100,10,FiLMLSTM,TailMSE,1,098|era5_surface_merged_all_filter_normalized|mgws
100,100,10,FiLMLSTM,FadeTailDist,1,028|era5_pressure_merged_30hPa_filtered_normalized|r
100,100,10,FiLMLSTM,TailW1,1,149|era5_surface_merged_all_filter_normalized|v100
100,100,10,FiLMLSTM,FadeDist,1,236|era5_surface_merged_all_filter_normalized|mx2t
100,100,10,FiLMLSTM,RMSE,1,004|era5_pressure_merged_1hPa_filtered_normalized|r
100,100,10,FiLMLSTM,W1,1,177|era5_surface_merged_all_filter_normalized|lssfr
100,100,10,FiLMLSTM,W2,1,237|era5_surface_merged_all_filter_normalized|mn2t
100,300,10,FiLMLSTM,TailMSE,1,236|era5_surface_merged_all_filter_normalized|mx2t
100,300,10,FiLMLSTM,FadeTailDist,1,237|era5_surface_merged_all_filter_normalized|mn2t
100,300,10,FiLMLSTM,TailW1,1,115|era5_surface_merged_all_filter_normalized|avg_tsrwe
100,300,10,FiLMLSTM,FadeDist,1,179|era5_surface_merged_all_filter_normalized|rsn
100,300,10,FiLMLSTM,RMSE,1,159|era5_surface_merged_all_filter_normalized|cbh
100,300,10,FiLMLSTM,W1,1,236|era5_surface_merged_all_filter_normalized|mx2t
100,300,10,FiLMLSTM,W2,1,187|era5_surface_merged_all_filter_normalized|viozd
100,900,10,FiLMLSTM,TailMSE,1,054|era5_pressure_merged_650hPa_filtered_normalized|o3
100,900,10,FiLMLSTM,FadeTailDist,1,236|era5_surface_merged_all_filter_normalized|mx2t
100,900,10,FiLMLSTM,TailW1,1,133|era5_surface_merged_all_filter_normalized|avg_tnlwrfcs
100,900,10,FiLMLSTM,FadeDist,1,091|era5_surface_merged_all_filter_normalized|es
100,900,10,FiLMLSTM,RMSE,1,139|era5_surface_merged_all_filter_normalized|v10
100,900,10,FiLMLSTM,W1,1,139|era5_surface_merged_all_filter_normalized|v10
100,900,10,FiLMLSTM,W2,1,149|era5_surface_merged_all_filter_normalized|v100
100,1500,10,FiLMLSTM,TailMSE,1,016|era5_pressure_merged_5hPa_filtered_normalized|r
100,1500,10,FiLMLSTM,FadeTailDist,1,110|era5_surface_merged_all_filter_normalized|avg_ingwss
100,1500,10,FiLMLSTM,TailW1,1,098|era5_surface_merged_all_filter_normalized|mgws
100,1500,10,FiLMLSTM,FadeDist,1,098|era5_surface_merged_all_filter_normalized|mgws
100,1500,10,FiLMLSTM,RMSE,1,181|era5_surface_merged_all_filter_normalized|tsn
100,1500,10,FiLMLSTM,W1,1,141|era5_surface_merged_all_filter_normalized|t2m
100,1500,10,FiLMLSTM,W2,1,098|era5_surface_merged_all_filter_normalized|mgws
100,2100,10,FiLMLSTM,TailMSE,1,000|era5_pressure_merged_1hPa_filtered_normalized|d
100,2100,10,FiLMLSTM,FadeTailDist,1,056|era5_pressure_merged_650hPa_filtered_normalized|r
100,2100,10,FiLMLSTM,TailW1,1,232|era5_surface_merged_all_filter_normalized|totalx
100,2100,10,FiLMLSTM,FadeDist,1,004|era5_pressure_merged_1hPa_filtered_normalized|r
100,2100,10,FiLMLSTM,RMSE,1,007|era5_pressure_merged_1hPa_filtered_normalized|u
100,2100,10,FiLMLSTM,W1,1,091|era5_surface_merged_all_filter_normalized|es
100,2100,10,FiLMLSTM,W2,1,110|era5_surface_merged_all_filter_normalized|avg_ingwss
100,2700,10,FiLMLSTM,FadeDist,1,098|era5_surface_merged_all_filter_normalized|mgws
100,2700,10,FiLMLSTM,RMSE,1,004|era5_pressure_merged_1hPa_filtered_normalized|r
100,2700,10,FiLMLSTM,W1,1,098|era5_surface_merged_all_filter_normalized|mgws
100,2700,10,FiLMLSTM,W2,1,139|era5_surface_merged_all_filter_normalized|v10
100,2700,10,FiLMLSTM,TailMSE,1,181|era5_surface_merged_all_filter_normalized|tsn
100,2700,10,FiLMLSTM,FadeTailDist,1,237|era5_surface_merged_all_filter_normalized|mn2t
100,2700,10,FiLMLSTM,TailW1,1,085|era5_surface_merged_all_filter_normalized|ttrc
100,100,10,Fusion,TailMSE,1,020|era5_pressure_merged_5hPa_filtered_normalized|v
100,100,10,Fusion,FadeTailDist,1,240|era5_surface_merged_all_filter_normalized|mntpr
100,100,10,Fusion,TailW1,1,042|era5_pressure_merged_200hPa_filtered_normalized|ciwc
100,100,10,Fusion,FadeDist,1,046|era5_pressure_merged_200hPa_filtered_normalized|u
100,100,10,Fusion,RMSE,1,240|era5_surface_merged_all_filter_normalized|mntpr
100,100,10,Fusion,W1,1,034|era5_pressure_merged_30hPa_filtered_normalized|vo
100,100,10,Fusion,W2,1,013|era5_pressure_merged_5hPa_filtered_normalized|z
100,300,10,Fusion,TailMSE,1,016|era5_pressure_merged_5hPa_filtered_normalized|r
100,300,10,Fusion,FadeTailDist,1,059|era5_pressure_merged_650hPa_filtered_normalized|q
100,300,10,Fusion,TailW1,1,031|era5_pressure_merged_30hPa_filtered_normalized|u
100,300,10,Fusion,FadeDist,1,237|era5_surface_merged_all_filter_normalized|mn2t
100,300,10,Fusion,RMSE,1,240|era5_surface_merged_all_filter_normalized|mntpr
100,300,10,Fusion,W1,1,022|era5_pressure_merged_5hPa_filtered_normalized|vo
100,300,10,Fusion,W2,1,017|era5_pressure_merged_5hPa_filtered_normalized|q
100,900,10,Fusion,TailMSE,1,018|era5_pressure_merged_5hPa_filtered_normalized|t
100,900,10,Fusion,FadeTailDist,1,060|era5_pressure_merged_650hPa_filtered_normalized|crwc
100,900,10,Fusion,TailW1,1,027|era5_pressure_merged_30hPa_filtered_normalized|pv
100,900,10,Fusion,FadeDist,1,051|era5_pressure_merged_650hPa_filtered_normalized|d
100,900,10,Fusion,RMSE,1,240|era5_surface_merged_all_filter_normalized|mntpr
100,900,10,Fusion,W1,1,037|era5_pressure_merged_200hPa_filtered_normalized|cc
100,900,10,Fusion,W2,1,018|era5_pressure_merged_5hPa_filtered_normalized|t
100,1500,10,Fusion,TailMSE,1,018|era5_pressure_merged_5hPa_filtered_normalized|t
100,1500,10,Fusion,FadeTailDist,1,028|era5_pressure_merged_30hPa_filtered_normalized|r
100,1500,10,Fusion,TailW1,1,024|era5_pressure_merged_30hPa_filtered_normalized|d
100,1500,10,Fusion,FadeDist,1,064|era5_pressure_merged_650hPa_filtered_normalized|v
100,1500,10,Fusion,RMSE,1,240|era5_surface_merged_all_filter_normalized|mntpr
100,1500,10,Fusion,W1,1,019|era5_pressure_merged_5hPa_filtered_normalized|u
100,1500,10,Fusion,W2,1,009|era5_pressure_merged_1hPa_filtered_normalized|w
100,2100,10,Fusion,TailMSE,1,053|era5_pressure_merged_650hPa_filtered_normalized|z
100,2100,10,Fusion,FadeTailDist,1,001|era5_pressure_merged_1hPa_filtered_normalized|z
100,2100,10,Fusion,TailW1,1,022|era5_pressure_merged_5hPa_filtered_normalized|vo
100,2100,10,Fusion,FadeDist,1,010|era5_pressure_merged_1hPa_filtered_normalized|vo
100,2100,10,Fusion,RMSE,1,240|era5_surface_merged_all_filter_normalized|mntpr
100,2100,10,Fusion,W1,1,007|era5_pressure_merged_1hPa_filtered_normalized|u
100,2100,10,Fusion,W2,1,008|era5_pressure_merged_1hPa_filtered_normalized|v
100,2700,10,Fusion,TailMSE,1,047|era5_pressure_merged_200hPa_filtered_normalized|v
100,2700,10,Fusion,FadeTailDist,1,018|era5_pressure_merged_5hPa_filtered_normalized|t
100,2700,10,Fusion,TailW1,1,021|era5_pressure_merged_5hPa_filtered_normalized|w
100,2700,10,Fusion,FadeDist,1,032|era5_pressure_merged_30hPa_filtered_normalized|v
100,2700,10,Fusion,W1,1,017|era5_pressure_merged_5hPa_filtered_normalized|q
100,2700,10,Fusion,W2,1,018|era5_pressure_merged_5hPa_filtered_normalized|t
100,2700,10,Fusion,RMSE,1,240|era5_surface_merged_all_filter_normalized|mntpr
100,100,10,NoPosEnc,TailMSE,1,007|era5_pressure_merged_1hPa_filtered_normalized|u
100,100,10,NoPosEnc,FadeTailDist,1,240|era5_surface_merged_all_filter_normalized|mntpr
100,100,10,NoPosEnc,TailW1,1,062|era5_pressure_merged_650hPa_filtered_normalized|t
100,100,10,NoPosEnc,FadeDist,1,238|era5_surface_merged_all_filter_normalized|fg10
100,100,10,NoPosEnc,RMSE,1,240|era5_surface_merged_all_filter_normalized|mntpr
100,100,10,NoPosEnc,W1,1,064|era5_pressure_merged_650hPa_filtered_normalized|v
100,100,10,NoPosEnc,W2,1,017|era5_pressure_merged_5hPa_filtered_normalized|q
100,300,10,NoPosEnc,TailMSE,1,010|era5_pressure_merged_1hPa_filtered_normalized|vo
100,300,10,NoPosEnc,FadeTailDist,1,060|era5_pressure_merged_650hPa_filtered_normalized|crwc
100,300,10,NoPosEnc,TailW1,1,016|era5_pressure_merged_5hPa_filtered_normalized|r
100,300,10,NoPosEnc,FadeDist,1,056|era5_pressure_merged_650hPa_filtered_normalized|r
100,300,10,NoPosEnc,RMSE,1,240|era5_surface_merged_all_filter_normalized|mntpr
100,300,10,NoPosEnc,W1,1,063|era5_pressure_merged_650hPa_filtered_normalized|u
100,300,10,NoPosEnc,W2,1,016|era5_pressure_merged_5hPa_filtered_normalized|r
100,900,10,NoPosEnc,TailMSE,1,037|era5_pressure_merged_200hPa_filtered_normalized|cc
100,900,10,NoPosEnc,FadeTailDist,1,034|era5_pressure_merged_30hPa_filtered_normalized|vo
100,900,10,NoPosEnc,TailW1,1,003|era5_pressure_merged_1hPa_filtered_normalized|pv
100,900,10,NoPosEnc,FadeDist,1,047|era5_pressure_merged_200hPa_filtered_normalized|v
100,900,10,NoPosEnc,RMSE,1,240|era5_surface_merged_all_filter_normalized|mntpr
100,900,10,NoPosEnc,W1,1,061|era5_pressure_merged_650hPa_filtered_normalized|cswc
100,900,10,NoPosEnc,W2,1,001|era5_pressure_merged_1hPa_filtered_normalized|z
100,1500,10,NoPosEnc,TailMSE,1,033|era5_pressure_merged_30hPa_filtered_normalized|w
100,1500,10,NoPosEnc,FadeTailDist,1,018|era5_pressure_merged_5hPa_filtered_normalized|t
100,1500,10,NoPosEnc,TailW1,1,064|era5_pressure_merged_650hPa_filtered_normalized|v
100,1500,10,NoPosEnc,FadeDist,1,064|era5_pressure_merged_650hPa_filtered_normalized|v
100,1500,10,NoPosEnc,RMSE,1,240|era5_surface_merged_all_filter_normalized|mntpr
100,1500,10,NoPosEnc,W1,1,061|era5_pressure_merged_650hPa_filtered_normalized|cswc
100,1500,10,NoPosEnc,W2,1,058|era5_pressure_merged_650hPa_filtered_normalized|clwc
100,2100,10,NoPosEnc,TailMSE,1,042|era5_pressure_merged_200hPa_filtered_normalized|ciwc
100,2100,10,NoPosEnc,FadeTailDist,1,037|era5_pressure_merged_200hPa_filtered_normalized|cc
100,2100,10,NoPosEnc,TailW1,1,000|era5_pressure_merged_1hPa_filtered_normalized|d
100,2100,10,NoPosEnc,FadeDist,1,004|era5_pressure_merged_1hPa_filtered_normalized|r
100,2100,10,NoPosEnc,RMSE,1,240|era5_surface_merged_all_filter_normalized|mntpr
100,2100,10,NoPosEnc,W1,1,010|era5_pressure_merged_1hPa_filtered_normalized|vo
100,2100,10,NoPosEnc,W2,1,026|era5_pressure_merged_30hPa_filtered_normalized|o3
100,2700,10,NoPosEnc,FadeDist,1,033|era5_pressure_merged_30hPa_filtered_normalized|w
100,2700,10,NoPosEnc,FadeTailDist,1,056|era5_pressure_merged_650hPa_filtered_normalized|r
100,2700,10,NoPosEnc,TailMSE,1,145|era5_surface_merged_all_filter_normalized|istl2
100,2700,10,NoPosEnc,RMSE,1,240|era5_surface_merged_all_filter_normalized|mntpr
100,2700,10,NoPosEnc,TailW1,1,047|era5_pressure_merged_200hPa_filtered_normalized|v
100,2700,10,NoPosEnc,W1,1,054|era5_pressure_merged_650hPa_filtered_normalized|o3
100,2700,10,NoPosEnc,W2,1,013|era5_pressure_merged_5hPa_filtered_normalized|z
100,100,10,NoTempAttn,TailMSE,1,018|era5_pressure_merged_5hPa_filtered_normalized|t
100,100,10,NoTempAttn,FadeTailDist,1,240|era5_surface_merged_all_filter_normalized|mntpr
100,100,10,NoTempAttn,TailW1,1,062|era5_pressure_merged_650hPa_filtered_normalized|t
100,100,10,NoTempAttn,FadeDist,1,240|era5_surface_merged_all_filter_normalized|mntpr
100,100,10,NoTempAttn,RMSE,1,240|era5_surface_merged_all_filter_normalized|mntpr
100,100,10,NoTempAttn,W1,1,021|era5_pressure_merged_5hPa_filtered_normalized|w
100,100,10,NoTempAttn,W2,1,240|era5_surface_merged_all_filter_normalized|mntpr
100,300,10,NoTempAttn,TailMSE,1,020|era5_pressure_merged_5hPa_filtered_normalized|v
100,300,10,NoTempAttn,FadeTailDist,1,026|era5_pressure_merged_30hPa_filtered_normalized|o3
100,300,10,NoTempAttn,TailW1,1,000|era5_pressure_merged_1hPa_filtered_normalized|d
100,300,10,NoTempAttn,FadeDist,1,240|era5_surface_merged_all_filter_normalized|mntpr
100,300,10,NoTempAttn,RMSE,1,240|era5_surface_merged_all_filter_normalized|mntpr
100,300,10,NoTempAttn,W1,1,044|era5_pressure_merged_200hPa_filtered_normalized|cswc
100,300,10,NoTempAttn,W2,1,018|era5_pressure_merged_5hPa_filtered_normalized|t
100,900,10,NoTempAttn,TailMSE,1,014|era5_pressure_merged_5hPa_filtered_normalized|o3
100,900,10,NoTempAttn,FadeTailDist,1,049|era5_pressure_merged_200hPa_filtered_normalized|vo
100,900,10,NoTempAttn,TailW1,1,064|era5_pressure_merged_650hPa_filtered_normalized|v
100,900,10,NoTempAttn,FadeDist,1,064|era5_pressure_merged_650hPa_filtered_normalized|v
100,900,10,NoTempAttn,RMSE,1,240|era5_surface_merged_all_filter_normalized|mntpr
100,900,10,NoTempAttn,W1,1,064|era5_pressure_merged_650hPa_filtered_normalized|v
100,900,10,NoTempAttn,W2,1,013|era5_pressure_merged_5hPa_filtered_normalized|z
100,1500,10,NoTempAttn,TailMSE,1,018|era5_pressure_merged_5hPa_filtered_normalized|t
100,1500,10,NoTempAttn,FadeTailDist,1,034|era5_pressure_merged_30hPa_filtered_normalized|vo
100,1500,10,NoTempAttn,TailW1,1,016|era5_pressure_merged_5hPa_filtered_normalized|r
100,1500,10,NoTempAttn,FadeDist,1,020|era5_pressure_merged_5hPa_filtered_normalized|v
100,1500,10,NoTempAttn,RMSE,1,240|era5_surface_merged_all_filter_normalized|mntpr
100,1500,10,NoTempAttn,W1,1,018|era5_pressure_merged_5hPa_filtered_normalized|t
100,1500,10,NoTempAttn,W2,1,048|era5_pressure_merged_200hPa_filtered_normalized|w
100,2100,10,NoTempAttn,TailMSE,1,010|era5_pressure_merged_1hPa_filtered_normalized|vo
100,2100,10,NoTempAttn,FadeTailDist,1,015|era5_pressure_merged_5hPa_filtered_normalized|pv
100,2100,10,NoTempAttn,TailW1,1,020|era5_pressure_merged_5hPa_filtered_normalized|v
100,2100,10,NoTempAttn,FadeDist,1,059|era5_pressure_merged_650hPa_filtered_normalized|q
100,2100,10,NoTempAttn,RMSE,1,240|era5_surface_merged_all_filter_normalized|mntpr
100,2100,10,NoTempAttn,W1,1,018|era5_pressure_merged_5hPa_filtered_normalized|t
100,2100,10,NoTempAttn,W2,1,010|era5_pressure_merged_1hPa_filtered_normalized|vo
100,2700,10,NoTempAttn,FadeDist,1,066|era5_pressure_merged_650hPa_filtered_normalized|vo
100,2700,10,NoTempAttn,FadeTailDist,1,032|era5_pressure_merged_30hPa_filtered_normalized|v
100,2700,10,NoTempAttn,RMSE,1,240|era5_surface_merged_all_filter_normalized|mntpr
100,2700,10,NoTempAttn,TailMSE,1,032|era5_pressure_merged_30hPa_filtered_normalized|v
100,2700,10,NoTempAttn,TailW1,1,034|era5_pressure_merged_30hPa_filtered_normalized|vo
100,2700,10,NoTempAttn,W1,1,038|era5_pressure_merged_200hPa_filtered_normalized|z
100,2700,10,NoTempAttn,W2,1,017|era5_pressure_merged_5hPa_filtered_normalized|q
100,100,10,NoVertical,TailMSE,1,021|era5_pressure_merged_5hPa_filtered_normalized|w
100,100,10,NoVertical,FadeTailDist,1,240|era5_surface_merged_all_filter_normalized|mntpr
100,100,10,NoVertical,TailW1,1,055|era5_pressure_merged_650hPa_filtered_normalized|pv
100,100,10,NoVertical,FadeDist,1,238|era5_surface_merged_all_filter_normalized|fg10
100,100,10,NoVertical,RMSE,1,240|era5_surface_merged_all_filter_normalized|mntpr
100,100,10,NoVertical,W1,1,034|era5_pressure_merged_30hPa_filtered_normalized|vo
100,100,10,NoVertical,W2,1,020|era5_pressure_merged_5hPa_filtered_normalized|v
100,300,10,NoVertical,TailMSE,1,021|era5_pressure_merged_5hPa_filtered_normalized|w
100,300,10,NoVertical,FadeTailDist,1,221|era5_surface_merged_all_filter_normalized|iews
100,300,10,NoVertical,TailW1,1,139|era5_surface_merged_all_filter_normalized|v10
100,300,10,NoVertical,FadeDist,1,238|era5_surface_merged_all_filter_normalized|fg10
100,300,10,NoVertical,RMSE,1,240|era5_surface_merged_all_filter_normalized|mntpr
100,300,10,NoVertical,W1,1,066|era5_pressure_merged_650hPa_filtered_normalized|vo
100,300,10,NoVertical,W2,1,062|era5_pressure_merged_650hPa_filtered_normalized|t
100,900,10,NoVertical,TailMSE,1,017|era5_pressure_merged_5hPa_filtered_normalized|q
100,900,10,NoVertical,FadeTailDist,1,067|era5_pressure_merged_650hPa_filtered_normalized|expver
100,900,10,NoVertical,TailW1,1,149|era5_surface_merged_all_filter_normalized|v100
100,900,10,NoVertical,FadeDist,1,064|era5_pressure_merged_650hPa_filtered_normalized|v
100,900,10,NoVertical,RMSE,1,240|era5_surface_merged_all_filter_normalized|mntpr
100,900,10,NoVertical,W1,1,017|era5_pressure_merged_5hPa_filtered_normalized|q
100,900,10,NoVertical,W2,1,003|era5_pressure_merged_1hPa_filtered_normalized|pv
100,1500,10,NoVertical,TailMSE,1,085|era5_surface_merged_all_filter_normalized|ttrc
100,1500,10,NoVertical,FadeTailDist,1,197|era5_surface_merged_all_filter_normalized|viec
100,1500,10,NoVertical,TailW1,1,054|era5_pressure_merged_650hPa_filtered_normalized|o3
100,1500,10,NoVertical,FadeDist,1,066|era5_pressure_merged_650hPa_filtered_normalized|vo
100,1500,10,NoVertical,RMSE,1,240|era5_surface_merged_all_filter_normalized|mntpr
100,1500,10,NoVertical,W1,1,175|era5_surface_merged_all_filter_normalized|ptype
100,1500,10,NoVertical,W2,1,035|era5_pressure_merged_30hPa_filtered_normalized|expver
100,2100,10,NoVertical,TailMSE,1,024|era5_pressure_merged_30hPa_filtered_normalized|d
100,2100,10,NoVertical,FadeTailDist,1,099|era5_surface_merged_all_filter_normalized|nsss
100,2100,10,NoVertical,TailW1,1,047|era5_pressure_merged_200hPa_filtered_normalized|v
100,2100,10,NoVertical,FadeDist,1,151|era5_surface_merged_all_filter_normalized|v10n
100,2100,10,NoVertical,RMSE,1,240|era5_surface_merged_all_filter_normalized|mntpr
100,2100,10,NoVertical,W1,1,057|era5_pressure_merged_650hPa_filtered_normalized|ciwc
100,2100,10,NoVertical,W2,1,139|era5_surface_merged_all_filter_normalized|v10
100,2700,10,NoVertical,FadeDist,1,110|era5_surface_merged_all_filter_normalized|avg_ingwss
100,2700,10,NoVertical,FadeTailDist,1,036|era5_pressure_merged_200hPa_filtered_normalized|d
100,2700,10,NoVertical,RMSE,1,240|era5_surface_merged_all_filter_normalized|mntpr
100,2700,10,NoVertical,TailMSE,1,007|era5_pressure_merged_1hPa_filtered_normalized|u
100,2700,10,NoVertical,TailW1,1,024|era5_pressure_merged_30hPa_filtered_normalized|d
100,2700,10,NoVertical,W1,1,039|era5_pressure_merged_200hPa_filtered_normalized|o3
100,2700,10,NoVertical,W2,1,098|era5_surface_merged_all_filter_normalized|mgws
100,100,10,SimpleLSTM,TailMSE,1,240|era5_surface_merged_all_filter_normalized|mntpr
100,100,10,SimpleLSTM,FadeTailDist,1,240|era5_surface_merged_all_filter_normalized|mntpr
100,100,10,SimpleLSTM,TailW1,1,240|era5_surface_merged_all_filter_normalized|mntpr
100,100,10,SimpleLSTM,FadeDist,1,240|era5_surface_merged_all_filter_normalized|mntpr
100,100,10,SimpleLSTM,RMSE,1,240|era5_surface_merged_all_filter_normalized|mntpr
100,100,10,SimpleLSTM,W1,1,240|era5_surface_merged_all_filter_normalized|mntpr
100,100,10,SimpleLSTM,W2,1,240|era5_surface_merged_all_filter_normalized|mntpr
100,300,10,SimpleLSTM,TailMSE,1,240|era5_surface_merged_all_filter_normalized|mntpr
100,300,10,SimpleLSTM,FadeTailDist,1,240|era5_surface_merged_all_filter_normalized|mntpr
100,300,10,SimpleLSTM,TailW1,1,240|era5_surface_merged_all_filter_normalized|mntpr
100,300,10,SimpleLSTM,FadeDist,1,240|era5_surface_merged_all_filter_normalized|mntpr
100,300,10,SimpleLSTM,RMSE,1,240|era5_surface_merged_all_filter_normalized|mntpr
100,300,10,SimpleLSTM,W1,1,240|era5_surface_merged_all_filter_normalized|mntpr
100,300,10,SimpleLSTM,W2,1,240|era5_surface_merged_all_filter_normalized|mntpr
100,900,10,SimpleLSTM,TailMSE,1,240|era5_surface_merged_all_filter_normalized|mntpr
100,900,10,SimpleLSTM,FadeTailDist,1,240|era5_surface_merged_all_filter_normalized|mntpr
100,900,10,SimpleLSTM,TailW1,1,240|era5_surface_merged_all_filter_normalized|mntpr
100,900,10,SimpleLSTM,FadeDist,1,240|era5_surface_merged_all_filter_normalized|mntpr
100,900,10,SimpleLSTM,RMSE,1,240|era5_surface_merged_all_filter_normalized|mntpr
100,900,10,SimpleLSTM,W1,1,240|era5_surface_merged_all_filter_normalized|mntpr
100,900,10,SimpleLSTM,W2,1,240|era5_surface_merged_all_filter_normalized|mntpr
100,1500,10,SimpleLSTM,TailMSE,1,240|era5_surface_merged_all_filter_normalized|mntpr
100,1500,10,SimpleLSTM,FadeTailDist,1,240|era5_surface_merged_all_filter_normalized|mntpr
100,1500,10,SimpleLSTM,TailW1,1,240|era5_surface_merged_all_filter_normalized|mntpr
100,1500,10,SimpleLSTM,FadeDist,1,240|era5_surface_merged_all_filter_normalized|mntpr
100,1500,10,SimpleLSTM,RMSE,1,240|era5_surface_merged_all_filter_normalized|mntpr
100,1500,10,SimpleLSTM,W1,1,240|era5_surface_merged_all_filter_normalized|mntpr
100,1500,10,SimpleLSTM,W2,1,240|era5_surface_merged_all_filter_normalized|mntpr
100,2100,10,SimpleLSTM,TailMSE,1,240|era5_surface_merged_all_filter_normalized|mntpr
100,2100,10,SimpleLSTM,FadeTailDist,1,240|era5_surface_merged_all_filter_normalized|mntpr
100,2100,10,SimpleLSTM,TailW1,1,240|era5_surface_merged_all_filter_normalized|mntpr
100,2100,10,SimpleLSTM,FadeDist,1,240|era5_surface_merged_all_filter_normalized|mntpr
100,2100,10,SimpleLSTM,RMSE,1,240|era5_surface_merged_all_filter_normalized|mntpr
100,2100,10,SimpleLSTM,W1,1,240|era5_surface_merged_all_filter_normalized|mntpr
100,2100,10,SimpleLSTM,W2,1,240|era5_surface_merged_all_filter_normalized|mntpr
100,2700,10,SimpleLSTM,FadeDist,1,240|era5_surface_merged_all_filter_normalized|mntpr
100,2700,10,SimpleLSTM,FadeTailDist,1,240|era5_surface_merged_all_filter_normalized|mntpr
100,2700,10,SimpleLSTM,RMSE,1,240|era5_surface_merged_all_filter_normalized|mntpr
100,2700,10,SimpleLSTM,TailMSE,1,240|era5_surface_merged_all_filter_normalized|mntpr
100,2700,10,SimpleLSTM,TailW1,1,240|era5_surface_merged_all_filter_normalized|mntpr
100,2700,10,SimpleLSTM,W1,1,240|era5_surface_merged_all_filter_normalized|mntpr
100,2700,10,SimpleLSTM,W2,1,240|era5_surface_merged_all_filter_normalized|mntpr
100,100,10,SingleCross,TailMSE,1,048|era5_pressure_merged_200hPa_filtered_normalized|w
100,100,10,SingleCross,FadeTailDist,1,240|era5_surface_merged_all_filter_normalized|mntpr
100,100,10,SingleCross,TailW1,1,045|era5_pressure_merged_200hPa_filtered_normalized|t
100,100,10,SingleCross,FadeDist,1,012|era5_pressure_merged_5hPa_filtered_normalized|d
100,100,10,SingleCross,RMSE,1,028|era5_pressure_merged_30hPa_filtered_normalized|r
100,100,10,SingleCross,W1,1,014|era5_pressure_merged_5hPa_filtered_normalized|o3
100,100,10,SingleCross,W2,1,007|era5_pressure_merged_1hPa_filtered_normalized|u
100,300,10,SingleCross,TailMSE,1,028|era5_pressure_merged_30hPa_filtered_normalized|r
100,300,10,SingleCross,FadeTailDist,1,240|era5_surface_merged_all_filter_normalized|mntpr
100,300,10,SingleCross,TailW1,1,027|era5_pressure_merged_30hPa_filtered_normalized|pv
100,300,10,SingleCross,FadeDist,1,034|era5_pressure_merged_30hPa_filtered_normalized|vo
100,300,10,SingleCross,RMSE,1,240|era5_surface_merged_all_filter_normalized|mntpr
100,300,10,SingleCross,W1,1,012|era5_pressure_merged_5hPa_filtered_normalized|d
100,300,10,SingleCross,W2,1,000|era5_pressure_merged_1hPa_filtered_normalized|d
100,900,10,SingleCross,TailMSE,1,012|era5_pressure_merged_5hPa_filtered_normalized|d
100,900,10,SingleCross,FadeTailDist,1,064|era5_pressure_merged_650hPa_filtered_normalized|v
100,900,10,SingleCross,TailW1,1,018|era5_pressure_merged_5hPa_filtered_normalized|t
100,900,10,SingleCross,FadeDist,1,065|era5_pressure_merged_650hPa_filtered_normalized|w
100,900,10,SingleCross,RMSE,1,240|era5_surface_merged_all_filter_normalized|mntpr
100,900,10,SingleCross,W1,1,047|era5_pressure_merged_200hPa_filtered_normalized|v
100,900,10,SingleCross,W2,1,019|era5_pressure_merged_5hPa_filtered_normalized|u
100,1500,10,SingleCross,TailMSE,1,018|era5_pressure_merged_5hPa_filtered_normalized|t
100,1500,10,SingleCross,FadeTailDist,1,030|era5_pressure_merged_30hPa_filtered_normalized|t
100,1500,10,SingleCross,TailW1,1,018|era5_pressure_merged_5hPa_filtered_normalized|t
100,1500,10,SingleCross,FadeDist,1,022|era5_pressure_merged_5hPa_filtered_normalized|vo
100,1500,10,SingleCross,RMSE,1,240|era5_surface_merged_all_filter_normalized|mntpr
100,1500,10,SingleCross,W1,1,014|era5_pressure_merged_5hPa_filtered_normalized|o3
100,1500,10,SingleCross,W2,1,024|era5_pressure_merged_30hPa_filtered_normalized|d
100,2100,10,SingleCross,TailMSE,1,063|era5_pressure_merged_650hPa_filtered_normalized|u
100,2100,10,SingleCross,FadeTailDist,1,020|era5_pressure_merged_5hPa_filtered_normalized|v
100,2100,10,SingleCross,TailW1,1,048|era5_pressure_merged_200hPa_filtered_normalized|w
100,2100,10,SingleCross,FadeDist,1,059|era5_pressure_merged_650hPa_filtered_normalized|q
100,2100,10,SingleCross,RMSE,1,240|era5_surface_merged_all_filter_normalized|mntpr
100,2100,10,SingleCross,W1,1,032|era5_pressure_merged_30hPa_filtered_normalized|v
100,2100,10,SingleCross,W2,1,042|era5_pressure_merged_200hPa_filtered_normalized|ciwc
100,2700,10,SingleCross,FadeDist,1,066|era5_pressure_merged_650hPa_filtered_normalized|vo
100,2700,10,SingleCross,FadeTailDist,1,064|era5_pressure_merged_650hPa_filtered_normalized|v
100,2700,10,SingleCross,RMSE,1,051|era5_pressure_merged_650hPa_filtered_normalized|d
100,2700,10,SingleCross,TailMSE,1,021|era5_pressure_merged_5hPa_filtered_normalized|w
100,2700,10,SingleCross,TailW1,1,016|era5_pressure_merged_5hPa_filtered_normalized|r
100,2700,10,SingleCross,W1,1,061|era5_pressure_merged_650hPa_filtered_normalized|cswc
100,2700,10,SingleCross,W2,1,061|era5_pressure_merged_650hPa_filtered_normalized|cswc
300,300,30,AGLSTM,TailMSE,1,133|era5_surface_merged_all_filter_normalized|avg_tnlwrfcs
300,300,30,AGLSTM,FadeTailDist,1,133|era5_surface_merged_all_filter_normalized|avg_tnlwrfcs
300,300,30,AGLSTM,TailW1,1,043|era5_pressure_merged_200hPa_filtered_normalized|q
300,300,30,AGLSTM,FadeDist,1,085|era5_surface_merged_all_filter_normalized|ttrc
300,300,30,AGLSTM,RMSE,1,133|era5_surface_merged_all_filter_normalized|avg_tnlwrfcs
300,300,30,AGLSTM,W1,1,236|era5_surface_merged_all_filter_normalized|mx2t
300,300,30,AGLSTM,W2,1,149|era5_surface_merged_all_filter_normalized|v100
300,1500,30,AGLSTM,TailMSE,1,149|era5_surface_merged_all_filter_normalized|v100
300,1500,30,AGLSTM,FadeTailDist,1,236|era5_surface_merged_all_filter_normalized|mx2t
300,1500,30,AGLSTM,TailW1,1,133|era5_surface_merged_all_filter_normalized|avg_tnlwrfcs
300,1500,30,AGLSTM,FadeDist,1,200|era5_surface_merged_all_filter_normalized|vimat
300,1500,30,AGLSTM,RMSE,1,154|era5_surface_merged_all_filter_normalized|ishf
300,1500,30,AGLSTM,W1,1,237|era5_surface_merged_all_filter_normalized|mn2t
300,1500,30,AGLSTM,W2,1,228|era5_surface_merged_all_filter_normalized|tco3
300,2100,30,AGLSTM,TailMSE,1,133|era5_surface_merged_all_filter_normalized|avg_tnlwrfcs
300,2100,30,AGLSTM,FadeTailDist,1,236|era5_surface_merged_all_filter_normalized|mx2t
300,2100,30,AGLSTM,TailW1,1,162|era5_surface_merged_all_filter_normalized|mcc
300,2100,30,AGLSTM,FadeDist,1,236|era5_surface_merged_all_filter_normalized|mx2t
300,2100,30,AGLSTM,RMSE,1,236|era5_surface_merged_all_filter_normalized|mx2t
300,2100,30,AGLSTM,W1,1,141|era5_surface_merged_all_filter_normalized|t2m
300,2100,30,AGLSTM,W2,1,234|era5_surface_merged_all_filter_normalized|tplt
300,2700,30,AGLSTM,TailMSE,1,045|era5_pressure_merged_200hPa_filtered_normalized|t
300,2700,30,AGLSTM,FadeTailDist,1,236|era5_surface_merged_all_filter_normalized|mx2t
300,2700,30,AGLSTM,TailW1,1,133|era5_surface_merged_all_filter_normalized|avg_tnlwrfcs
300,2700,30,AGLSTM,FadeDist,1,236|era5_surface_merged_all_filter_normalized|mx2t
300,2700,30,AGLSTM,RMSE,1,236|era5_surface_merged_all_filter_normalized|mx2t
300,2700,30,AGLSTM,W1,1,141|era5_surface_merged_all_filter_normalized|t2m
300,2700,30,AGLSTM,W2,1,039|era5_pressure_merged_200hPa_filtered_normalized|o3
300,900,30,AGLSTM,TailMSE,1,149|era5_surface_merged_all_filter_normalized|v100
300,900,30,AGLSTM,FadeTailDist,1,133|era5_surface_merged_all_filter_normalized|avg_tnlwrfcs
300,900,30,AGLSTM,TailW1,1,133|era5_surface_merged_all_filter_normalized|avg_tnlwrfcs
300,900,30,AGLSTM,FadeDist,1,141|era5_surface_merged_all_filter_normalized|t2m
300,900,30,AGLSTM,RMSE,1,141|era5_surface_merged_all_filter_normalized|t2m
300,900,30,AGLSTM,W1,1,141|era5_surface_merged_all_filter_normalized|t2m
300,900,30,AGLSTM,W2,1,085|era5_surface_merged_all_filter_normalized|ttrc
300,300,30,FiLMLSTM,TailMSE,1,214|era5_surface_merged_all_filter_normalized|chnk
300,300,30,FiLMLSTM,FadeTailDist,1,098|era5_surface_merged_all_filter_normalized|mgws
300,300,30,FiLMLSTM,TailW1,1,108|era5_surface_merged_all_filter_normalized|avg_lsprate
300,300,30,FiLMLSTM,FadeDist,1,236|era5_surface_merged_all_filter_normalized|mx2t
300,300,30,FiLMLSTM,RMSE,1,236|era5_surface_merged_all_filter_normalized|mx2t
300,300,30,FiLMLSTM,W1,1,004|era5_pressure_merged_1hPa_filtered_normalized|r
300,300,30,FiLMLSTM,W2,1,228|era5_surface_merged_all_filter_normalized|tco3
300,1500,30,FiLMLSTM,TailMSE,1,233|era5_surface_merged_all_filter_normalized|tplb
300,1500,30,FiLMLSTM,FadeTailDist,1,236|era5_surface_merged_all_filter_normalized|mx2t
300,1500,30,FiLMLSTM,TailW1,1,110|era5_surface_merged_all_filter_normalized|avg_ingwss
300,1500,30,FiLMLSTM,FadeDist,1,180|era5_surface_merged_all_filter_normalized|sd
300,1500,30,FiLMLSTM,RMSE,1,098|era5_surface_merged_all_filter_normalized|mgws
300,1500,30,FiLMLSTM,W1,1,200|era5_surface_merged_all_filter_normalized|vimat
300,1500,30,FiLMLSTM,W2,1,139|era5_surface_merged_all_filter_normalized|v10
300,2100,30,FiLMLSTM,TailMSE,1,000|era5_pressure_merged_1hPa_filtered_normalized|d
300,2100,30,FiLMLSTM,FadeTailDist,1,000|era5_pressure_merged_1hPa_filtered_normalized|d
300,2100,30,FiLMLSTM,TailW1,1,051|era5_pressure_merged_650hPa_filtered_normalized|d
300,2100,30,FiLMLSTM,FadeDist,1,236|era5_surface_merged_all_filter_normalized|mx2t
300,2100,30,FiLMLSTM,RMSE,1,004|era5_pressure_merged_1hPa_filtered_normalized|r
300,2100,30,FiLMLSTM,W1,1,110|era5_surface_merged_all_filter_normalized|avg_ingwss
300,2100,30,FiLMLSTM,W2,1,200|era5_surface_merged_all_filter_normalized|vimat
300,2700,30,FiLMLSTM,TailMSE,1,006|era5_pressure_merged_1hPa_filtered_normalized|t
300,2700,30,FiLMLSTM,FadeTailDist,1,149|era5_surface_merged_all_filter_normalized|v100
300,2700,30,FiLMLSTM,TailW1,1,133|era5_surface_merged_all_filter_normalized|avg_tnlwrfcs
300,2700,30,FiLMLSTM,FadeDist,1,236|era5_surface_merged_all_filter_normalized|mx2t
300,2700,30,FiLMLSTM,RMSE,1,236|era5_surface_merged_all_filter_normalized|mx2t
300,2700,30,FiLMLSTM,W1,1,141|era5_surface_merged_all_filter_normalized|t2m
300,2700,30,FiLMLSTM,W2,1,139|era5_surface_merged_all_filter_normalized|v10
300,900,30,FiLMLSTM,TailMSE,1,065|era5_pressure_merged_650hPa_filtered_normalized|w
300,900,30,FiLMLSTM,FadeTailDist,1,004|era5_pressure_merged_1hPa_filtered_normalized|r
300,900,30,FiLMLSTM,TailW1,1,219|era5_surface_merged_all_filter_normalized|fsr
300,900,30,FiLMLSTM,FadeDist,1,090|era5_surface_merged_all_filter_normalized|lsf
300,900,30,FiLMLSTM,RMSE,1,141|era5_surface_merged_all_filter_normalized|t2m
300,900,30,FiLMLSTM,W1,1,020|era5_pressure_merged_5hPa_filtered_normalized|v
300,900,30,FiLMLSTM,W2,1,098|era5_surface_merged_all_filter_normalized|mgws
300,300,1,Fusion,FadeTailDist,1,240|era5_surface_merged_all_filter_normalized|mntpr
300,300,1,Fusion,TailW1,1,240|era5_surface_merged_all_filter_normalized|mntpr
300,300,1,Fusion,TailMSE,1,234|era5_surface_merged_all_filter_normalized|tplt
300,300,1,Fusion,FadeDist,1,240|era5_surface_merged_all_filter_normalized|mntpr
300,300,1,Fusion,RMSE,1,240|era5_surface_merged_all_filter_normalized|mntpr
300,300,1,Fusion,W1,1,240|era5_surface_merged_all_filter_normalized|mntpr
300,300,1,Fusion,W2,1,240|era5_surface_merged_all_filter_normalized|mntpr
300,300,10,Fusion,FadeTailDist,1,064|era5_pressure_merged_650hPa_filtered_normalized|v
300,300,10,Fusion,TailW1,1,016|era5_pressure_merged_5hPa_filtered_normalized|r
300,300,10,Fusion,TailMSE,1,042|era5_pressure_merged_200hPa_filtered_normalized|ciwc
300,300,10,Fusion,FadeDist,1,240|era5_surface_merged_all_filter_normalized|mntpr
300,300,10,Fusion,RMSE,1,240|era5_surface_merged_all_filter_normalized|mntpr
300,300,10,Fusion,W1,1,022|era5_pressure_merged_5hPa_filtered_normalized|vo
300,300,10,Fusion,W2,1,047|era5_pressure_merged_200hPa_filtered_normalized|v
300,300,30,Fusion,TailMSE,1,008|era5_pressure_merged_1hPa_filtered_normalized|v
300,300,30,Fusion,FadeTailDist,1,240|era5_surface_merged_all_filter_normalized|mntpr
300,300,30,Fusion,TailW1,1,010|era5_pressure_merged_1hPa_filtered_normalized|vo
300,300,30,Fusion,FadeDist,1,048|era5_pressure_merged_200hPa_filtered_normalized|w
300,300,30,Fusion,RMSE,1,240|era5_surface_merged_all_filter_normalized|mntpr
300,300,30,Fusion,W1,1,013|era5_pressure_merged_5hPa_filtered_normalized|z
300,300,30,Fusion,W2,1,024|era5_pressure_merged_30hPa_filtered_normalized|d
300,1500,30,Fusion,TailMSE,1,014|era5_pressure_merged_5hPa_filtered_normalized|o3
300,1500,30,Fusion,FadeTailDist,1,021|era5_pressure_merged_5hPa_filtered_normalized|w
300,1500,30,Fusion,TailW1,1,099|era5_surface_merged_all_filter_normalized|nsss
300,1500,30,Fusion,FadeDist,1,046|era5_pressure_merged_200hPa_filtered_normalized|u
300,1500,30,Fusion,RMSE,1,240|era5_surface_merged_all_filter_normalized|mntpr
300,1500,30,Fusion,W1,1,019|era5_pressure_merged_5hPa_filtered_normalized|u
300,1500,30,Fusion,W2,1,019|era5_pressure_merged_5hPa_filtered_normalized|u
300,2100,30,Fusion,TailMSE,1,018|era5_pressure_merged_5hPa_filtered_normalized|t
300,2100,30,Fusion,FadeTailDist,1,014|era5_pressure_merged_5hPa_filtered_normalized|o3
300,2100,30,Fusion,TailW1,1,014|era5_pressure_merged_5hPa_filtered_normalized|o3
300,2100,30,Fusion,FadeDist,1,223|era5_surface_merged_all_filter_normalized|inss
300,2100,30,Fusion,RMSE,1,240|era5_surface_merged_all_filter_normalized|mntpr
300,2100,30,Fusion,W1,1,046|era5_pressure_merged_200hPa_filtered_normalized|u
300,2100,30,Fusion,W2,1,018|era5_pressure_merged_5hPa_filtered_normalized|t
300,2700,30,Fusion,TailMSE,1,013|era5_pressure_merged_5hPa_filtered_normalized|z
300,2700,30,Fusion,FadeTailDist,1,149|era5_surface_merged_all_filter_normalized|v100
300,2700,30,Fusion,TailW1,1,032|era5_pressure_merged_30hPa_filtered_normalized|v
300,2700,30,Fusion,FadeDist,1,007|era5_pressure_merged_1hPa_filtered_normalized|u
300,2700,30,Fusion,RMSE,1,240|era5_surface_merged_all_filter_normalized|mntpr
300,2700,30,Fusion,W1,1,043|era5_pressure_merged_200hPa_filtered_normalized|q
300,2700,30,Fusion,W2,1,012|era5_pressure_merged_5hPa_filtered_normalized|d
300,900,30,Fusion,TailMSE,1,026|era5_pressure_merged_30hPa_filtered_normalized|o3
300,900,30,Fusion,FadeTailDist,1,055|era5_pressure_merged_650hPa_filtered_normalized|pv
300,900,30,Fusion,TailW1,1,064|era5_pressure_merged_650hPa_filtered_normalized|v
300,900,30,Fusion,FadeDist,1,032|era5_pressure_merged_30hPa_filtered_normalized|v
300,900,30,Fusion,RMSE,1,240|era5_surface_merged_all_filter_normalized|mntpr
300,900,30,Fusion,W1,1,067|era5_pressure_merged_650hPa_filtered_normalized|expver
300,900,30,Fusion,W2,1,018|era5_pressure_merged_5hPa_filtered_normalized|t
300,300,1,NoPosEnc,TailMSE,1,240|era5_surface_merged_all_filter_normalized|mntpr
300,300,1,NoPosEnc,FadeTailDist,1,235|era5_surface_merged_all_filter_normalized|deg0l
300,300,10,NoPosEnc,FadeTailDist,1,027|era5_pressure_merged_30hPa_filtered_normalized|pv
300,300,10,NoPosEnc,TailW1,1,022|era5_pressure_merged_5hPa_filtered_normalized|vo
300,300,10,NoPosEnc,TailMSE,1,010|era5_pressure_merged_1hPa_filtered_normalized|vo
300,300,10,NoPosEnc,FadeDist,1,238|era5_surface_merged_all_filter_normalized|fg10
300,300,10,NoPosEnc,RMSE,1,240|era5_surface_merged_all_filter_normalized|mntpr
300,300,10,NoPosEnc,W1,1,064|era5_pressure_merged_650hPa_filtered_normalized|v
300,300,10,NoPosEnc,W2,1,003|era5_pressure_merged_1hPa_filtered_normalized|pv
300,300,30,NoPosEnc,TailMSE,1,017|era5_pressure_merged_5hPa_filtered_normalized|q
300,300,30,NoPosEnc,FadeTailDist,1,239|era5_surface_merged_all_filter_normalized|mxtpr
300,300,30,NoPosEnc,TailW1,1,042|era5_pressure_merged_200hPa_filtered_normalized|ciwc
300,300,30,NoPosEnc,FadeDist,1,033|era5_pressure_merged_30hPa_filtered_normalized|w
300,300,30,NoPosEnc,RMSE,1,240|era5_surface_merged_all_filter_normalized|mntpr
300,300,30,NoPosEnc,W1,1,018|era5_pressure_merged_5hPa_filtered_normalized|t
300,300,30,NoPosEnc,W2,1,016|era5_pressure_merged_5hPa_filtered_normalized|r
300,1500,30,NoPosEnc,TailMSE,1,020|era5_pressure_merged_5hPa_filtered_normalized|v
300,1500,30,NoPosEnc,FadeTailDist,1,010|era5_pressure_merged_1hPa_filtered_normalized|vo
300,1500,30,NoPosEnc,TailW1,1,046|era5_pressure_merged_200hPa_filtered_normalized|u
300,1500,30,NoPosEnc,FadeDist,1,240|era5_surface_merged_all_filter_normalized|mntpr
300,1500,30,NoPosEnc,RMSE,1,240|era5_surface_merged_all_filter_normalized|mntpr
300,1500,30,NoPosEnc,W1,1,060|era5_pressure_merged_650hPa_filtered_normalized|crwc
300,1500,30,NoPosEnc,W2,1,007|era5_pressure_merged_1hPa_filtered_normalized|u
300,2100,30,NoPosEnc,TailMSE,1,030|era5_pressure_merged_30hPa_filtered_normalized|t
300,2100,30,NoPosEnc,FadeTailDist,1,028|era5_pressure_merged_30hPa_filtered_normalized|r
300,2100,30,NoPosEnc,TailW1,1,016|era5_pressure_merged_5hPa_filtered_normalized|r
300,2100,30,NoPosEnc,FadeDist,1,028|era5_pressure_merged_30hPa_filtered_normalized|r
300,2100,30,NoPosEnc,RMSE,1,240|era5_surface_merged_all_filter_normalized|mntpr
300,2100,30,NoPosEnc,W1,1,026|era5_pressure_merged_30hPa_filtered_normalized|o3
300,2100,30,NoPosEnc,W2,1,013|era5_pressure_merged_5hPa_filtered_normalized|z
300,2700,30,NoPosEnc,TailMSE,1,009|era5_pressure_merged_1hPa_filtered_normalized|w
300,2700,30,NoPosEnc,FadeTailDist,1,009|era5_pressure_merged_1hPa_filtered_normalized|w
300,2700,30,NoPosEnc,TailW1,1,038|era5_pressure_merged_200hPa_filtered_normalized|z
300,2700,30,NoPosEnc,FadeDist,1,061|era5_pressure_merged_650hPa_filtered_normalized|cswc
300,2700,30,NoPosEnc,RMSE,1,061|era5_pressure_merged_650hPa_filtered_normalized|cswc
300,2700,30,NoPosEnc,W1,1,065|era5_pressure_merged_650hPa_filtered_normalized|w
300,2700,30,NoPosEnc,W2,1,139|era5_surface_merged_all_filter_normalized|v10
300,900,30,NoPosEnc,TailMSE,1,009|era5_pressure_merged_1hPa_filtered_normalized|w
300,900,30,NoPosEnc,FadeTailDist,1,016|era5_pressure_merged_5hPa_filtered_normalized|r
300,900,30,NoPosEnc,TailW1,1,063|era5_pressure_merged_650hPa_filtered_normalized|u
300,900,30,NoPosEnc,FadeDist,1,008|era5_pressure_merged_1hPa_filtered_normalized|v
300,900,30,NoPosEnc,RMSE,1,240|era5_surface_merged_all_filter_normalized|mntpr
300,900,30,NoPosEnc,W1,1,018|era5_pressure_merged_5hPa_filtered_normalized|t
300,900,30,NoPosEnc,W2,1,000|era5_pressure_merged_1hPa_filtered_normalized|d
300,300,30,NoTempAttn,TailMSE,1,014|era5_pressure_merged_5hPa_filtered_normalized|o3
300,300,30,NoTempAttn,FadeTailDist,1,240|era5_surface_merged_all_filter_normalized|mntpr
300,300,30,NoTempAttn,TailW1,1,064|era5_pressure_merged_650hPa_filtered_normalized|v
300,300,30,NoTempAttn,FadeDist,1,064|era5_pressure_merged_650hPa_filtered_normalized|v
300,300,30,NoTempAttn,RMSE,1,240|era5_surface_merged_all_filter_normalized|mntpr
300,300,30,NoTempAttn,W1,1,066|era5_pressure_merged_650hPa_filtered_normalized|vo
300,300,30,NoTempAttn,W2,1,018|era5_pressure_merged_5hPa_filtered_normalized|t
300,1500,30,NoTempAttn,TailMSE,1,021|era5_pressure_merged_5hPa_filtered_normalized|w
300,1500,30,NoTempAttn,FadeTailDist,1,033|era5_pressure_merged_30hPa_filtered_normalized|w
300,1500,30,NoTempAttn,TailW1,1,187|era5_surface_merged_all_filter_normalized|viozd
300,1500,30,NoTempAttn,FadeDist,1,047|era5_pressure_merged_200hPa_filtered_normalized|v
300,1500,30,NoTempAttn,RMSE,1,240|era5_surface_merged_all_filter_normalized|mntpr
300,1500,30,NoTempAttn,W1,1,098|era5_surface_merged_all_filter_normalized|mgws
300,1500,30,NoTempAttn,W2,1,046|era5_pressure_merged_200hPa_filtered_normalized|u
300,2100,30,NoTempAttn,TailMSE,1,014|era5_pressure_merged_5hPa_filtered_normalized|o3
300,2100,30,NoTempAttn,FadeTailDist,1,012|era5_pressure_merged_5hPa_filtered_normalized|d
300,2100,30,NoTempAttn,TailW1,1,115|era5_surface_merged_all_filter_normalized|avg_tsrwe
300,2100,30,NoTempAttn,FadeDist,1,017|era5_pressure_merged_5hPa_filtered_normalized|q
300,2100,30,NoTempAttn,RMSE,1,240|era5_surface_merged_all_filter_normalized|mntpr
300,2100,30,NoTempAttn,W1,1,149|era5_surface_merged_all_filter_normalized|v100
300,2100,30,NoTempAttn,W2,1,021|era5_pressure_merged_5hPa_filtered_normalized|w
300,2700,30,NoTempAttn,TailMSE,1,055|era5_pressure_merged_650hPa_filtered_normalized|pv
300,2700,30,NoTempAttn,FadeTailDist,1,139|era5_surface_merged_all_filter_normalized|v10
300,2700,30,NoTempAttn,TailW1,1,032|era5_pressure_merged_30hPa_filtered_normalized|v
300,2700,30,NoTempAttn,FadeDist,1,022|era5_pressure_merged_5hPa_filtered_normalized|vo
300,2700,30,NoTempAttn,RMSE,1,240|era5_surface_merged_all_filter_normalized|mntpr
300,2700,30,NoTempAttn,W1,1,042|era5_pressure_merged_200hPa_filtered_normalized|ciwc
300,2700,30,NoTempAttn,W2,1,021|era5_pressure_merged_5hPa_filtered_normalized|w
300,900,30,NoTempAttn,TailMSE,1,010|era5_pressure_merged_1hPa_filtered_normalized|vo
300,900,30,NoTempAttn,FadeTailDist,1,064|era5_pressure_merged_650hPa_filtered_normalized|v
300,900,30,NoTempAttn,TailW1,1,061|era5_pressure_merged_650hPa_filtered_normalized|cswc
300,900,30,NoTempAttn,FadeDist,1,026|era5_pressure_merged_30hPa_filtered_normalized|o3
300,900,30,NoTempAttn,RMSE,1,240|era5_surface_merged_all_filter_normalized|mntpr
300,900,30,NoTempAttn,W1,1,058|era5_pressure_merged_650hPa_filtered_normalized|clwc
300,900,30,NoTempAttn,W2,1,046|era5_pressure_merged_200hPa_filtered_normalized|u
300,300,10,NoVertical,FadeTailDist,1,007|era5_pressure_merged_1hPa_filtered_normalized|u
300,300,10,NoVertical,TailW1,1,014|era5_pressure_merged_5hPa_filtered_normalized|o3
300,300,10,NoVertical,TailMSE,1,045|era5_pressure_merged_200hPa_filtered_normalized|t
300,300,10,NoVertical,FadeDist,1,149|era5_surface_merged_all_filter_normalized|v100
300,300,10,NoVertical,RMSE,1,240|era5_surface_merged_all_filter_normalized|mntpr
300,300,10,NoVertical,W1,1,167|era5_surface_merged_all_filter_normalized|vilwd
300,300,10,NoVertical,W2,1,028|era5_pressure_merged_30hPa_filtered_normalized|r
300,300,30,NoVertical,TailMSE,1,012|era5_pressure_merged_5hPa_filtered_normalized|d
300,300,30,NoVertical,FadeTailDist,1,139|era5_surface_merged_all_filter_normalized|v10
300,300,30,NoVertical,TailW1,1,098|era5_surface_merged_all_filter_normalized|mgws
300,300,30,NoVertical,FadeDist,1,066|era5_pressure_merged_650hPa_filtered_normalized|vo
300,300,30,NoVertical,RMSE,1,238|era5_surface_merged_all_filter_normalized|fg10
300,300,30,NoVertical,W1,1,098|era5_surface_merged_all_filter_normalized|mgws
300,300,30,NoVertical,W2,1,096|era5_surface_merged_all_filter_normalized|ewss
300,1500,30,NoVertical,TailMSE,1,063|era5_pressure_merged_650hPa_filtered_normalized|u
300,1500,30,NoVertical,FadeTailDist,1,018|era5_pressure_merged_5hPa_filtered_normalized|t
300,1500,30,NoVertical,TailW1,1,162|era5_surface_merged_all_filter_normalized|mcc
300,1500,30,NoVertical,FadeDist,1,110|era5_surface_merged_all_filter_normalized|avg_ingwss
300,1500,30,NoVertical,RMSE,1,240|era5_surface_merged_all_filter_normalized|mntpr
300,1500,30,NoVertical,W1,1,110|era5_surface_merged_all_filter_normalized|avg_ingwss
300,1500,30,NoVertical,W2,1,007|era5_pressure_merged_1hPa_filtered_normalized|u
300,2100,30,NoVertical,TailMSE,1,014|era5_pressure_merged_5hPa_filtered_normalized|o3
300,2100,30,NoVertical,FadeTailDist,1,065|era5_pressure_merged_650hPa_filtered_normalized|w
300,2100,30,NoVertical,TailW1,1,149|era5_surface_merged_all_filter_normalized|v100
300,2100,30,NoVertical,FadeDist,1,065|era5_pressure_merged_650hPa_filtered_normalized|w
300,2100,30,NoVertical,RMSE,1,240|era5_surface_merged_all_filter_normalized|mntpr
300,2100,30,NoVertical,W1,1,098|era5_surface_merged_all_filter_normalized|mgws
300,2100,30,NoVertical,W2,1,116|era5_surface_merged_all_filter_normalized|avg_ssurfror
300,2700,30,NoVertical,TailMSE,1,063|era5_pressure_merged_650hPa_filtered_normalized|u
300,2700,30,NoVertical,FadeTailDist,1,236|era5_surface_merged_all_filter_normalized|mx2t
300,2700,30,NoVertical,TailW1,1,030|era5_pressure_merged_30hPa_filtered_normalized|t
300,2700,30,NoVertical,FadeDist,1,098|era5_surface_merged_all_filter_normalized|mgws
300,2700,30,NoVertical,RMSE,1,240|era5_surface_merged_all_filter_normalized|mntpr
300,2700,30,NoVertical,W1,1,149|era5_surface_merged_all_filter_normalized|v100
300,2700,30,NoVertical,W2,1,017|era5_pressure_merged_5hPa_filtered_normalized|q
300,900,30,NoVertical,TailMSE,1,010|era5_pressure_merged_1hPa_filtered_normalized|vo
300,900,30,NoVertical,FadeTailDist,1,041|era5_pressure_merged_200hPa_filtered_normalized|r
300,900,30,NoVertical,TailW1,1,139|era5_surface_merged_all_filter_normalized|v10
300,900,30,NoVertical,FadeDist,1,012|era5_pressure_merged_5hPa_filtered_normalized|d
300,900,30,NoVertical,RMSE,1,066|era5_pressure_merged_650hPa_filtered_normalized|vo
300,900,30,NoVertical,W1,1,110|era5_surface_merged_all_filter_normalized|avg_ingwss
300,900,30,NoVertical,W2,1,005|era5_pressure_merged_1hPa_filtered_normalized|q
300,300,30,SimpleLSTM,TailMSE,1,240|era5_surface_merged_all_filter_normalized|mntpr
300,300,30,SimpleLSTM,FadeTailDist,1,240|era5_surface_merged_all_filter_normalized|mntpr
300,300,30,SimpleLSTM,TailW1,1,240|era5_surface_merged_all_filter_normalized|mntpr
300,300,30,SimpleLSTM,FadeDist,1,240|era5_surface_merged_all_filter_normalized|mntpr
300,300,30,SimpleLSTM,RMSE,1,240|era5_surface_merged_all_filter_normalized|mntpr
300,300,30,SimpleLSTM,W1,1,240|era5_surface_merged_all_filter_normalized|mntpr
300,300,30,SimpleLSTM,W2,1,240|era5_surface_merged_all_filter_normalized|mntpr
300,1500,30,SimpleLSTM,TailMSE,1,240|era5_surface_merged_all_filter_normalized|mntpr
300,1500,30,SimpleLSTM,FadeTailDist,1,240|era5_surface_merged_all_filter_normalized|mntpr
300,1500,30,SimpleLSTM,TailW1,1,240|era5_surface_merged_all_filter_normalized|mntpr
300,1500,30,SimpleLSTM,FadeDist,1,240|era5_surface_merged_all_filter_normalized|mntpr
300,1500,30,SimpleLSTM,RMSE,1,240|era5_surface_merged_all_filter_normalized|mntpr
300,1500,30,SimpleLSTM,W1,1,240|era5_surface_merged_all_filter_normalized|mntpr
300,1500,30,SimpleLSTM,W2,1,240|era5_surface_merged_all_filter_normalized|mntpr
300,2100,30,SimpleLSTM,TailMSE,1,240|era5_surface_merged_all_filter_normalized|mntpr
300,2100,30,SimpleLSTM,FadeTailDist,1,240|era5_surface_merged_all_filter_normalized|mntpr
300,2100,30,SimpleLSTM,TailW1,1,240|era5_surface_merged_all_filter_normalized|mntpr
300,2100,30,SimpleLSTM,FadeDist,1,240|era5_surface_merged_all_filter_normalized|mntpr
300,2100,30,SimpleLSTM,RMSE,1,240|era5_surface_merged_all_filter_normalized|mntpr
300,2100,30,SimpleLSTM,W1,1,240|era5_surface_merged_all_filter_normalized|mntpr
300,2100,30,SimpleLSTM,W2,1,240|era5_surface_merged_all_filter_normalized|mntpr
300,2700,30,SimpleLSTM,TailMSE,1,240|era5_surface_merged_all_filter_normalized|mntpr
300,2700,30,SimpleLSTM,FadeTailDist,1,240|era5_surface_merged_all_filter_normalized|mntpr
300,2700,30,SimpleLSTM,TailW1,1,240|era5_surface_merged_all_filter_normalized|mntpr
300,2700,30,SimpleLSTM,FadeDist,1,240|era5_surface_merged_all_filter_normalized|mntpr
300,2700,30,SimpleLSTM,RMSE,1,240|era5_surface_merged_all_filter_normalized|mntpr
300,2700,30,SimpleLSTM,W1,1,240|era5_surface_merged_all_filter_normalized|mntpr
300,2700,30,SimpleLSTM,W2,1,240|era5_surface_merged_all_filter_normalized|mntpr
300,900,30,SimpleLSTM,TailMSE,1,240|era5_surface_merged_all_filter_normalized|mntpr
300,900,30,SimpleLSTM,FadeTailDist,1,240|era5_surface_merged_all_filter_normalized|mntpr
300,900,30,SimpleLSTM,TailW1,1,240|era5_surface_merged_all_filter_normalized|mntpr
300,900,30,SimpleLSTM,FadeDist,1,240|era5_surface_merged_all_filter_normalized|mntpr
300,900,30,SimpleLSTM,RMSE,1,240|era5_surface_merged_all_filter_normalized|mntpr
300,900,30,SimpleLSTM,W1,1,240|era5_surface_merged_all_filter_normalized|mntpr
300,900,30,SimpleLSTM,W2,1,240|era5_surface_merged_all_filter_normalized|mntpr
300,300,30,SingleCross,TailMSE,1,021|era5_pressure_merged_5hPa_filtered_normalized|w
300,300,30,SingleCross,FadeTailDist,1,056|era5_pressure_merged_650hPa_filtered_normalized|r
300,300,30,SingleCross,TailW1,1,021|era5_pressure_merged_5hPa_filtered_normalized|w
300,300,30,SingleCross,FadeDist,1,032|era5_pressure_merged_30hPa_filtered_normalized|v
300,300,30,SingleCross,RMSE,1,018|era5_pressure_merged_5hPa_filtered_normalized|t
300,300,30,SingleCross,W1,1,012|era5_pressure_merged_5hPa_filtered_normalized|d
300,300,30,SingleCross,W2,1,018|era5_pressure_merged_5hPa_filtered_normalized|t
300,1500,30,SingleCross,TailMSE,1,012|era5_pressure_merged_5hPa_filtered_normalized|d
300,1500,30,SingleCross,FadeTailDist,1,047|era5_pressure_merged_200hPa_filtered_normalized|v
300,1500,30,SingleCross,TailW1,1,047|era5_pressure_merged_200hPa_filtered_normalized|v
300,1500,30,SingleCross,FadeDist,1,054|era5_pressure_merged_650hPa_filtered_normalized|o3
300,1500,30,SingleCross,RMSE,1,240|era5_surface_merged_all_filter_normalized|mntpr
300,1500,30,SingleCross,W1,1,045|era5_pressure_merged_200hPa_filtered_normalized|t
300,1500,30,SingleCross,W2,1,008|era5_pressure_merged_1hPa_filtered_normalized|v
300,2100,30,SingleCross,TailMSE,1,063|era5_pressure_merged_650hPa_filtered_normalized|u
300,2100,30,SingleCross,FadeTailDist,1,000|era5_pressure_merged_1hPa_filtered_normalized|d
300,2100,30,SingleCross,TailW1,1,020|era5_pressure_merged_5hPa_filtered_normalized|v
300,2100,30,SingleCross,FadeDist,1,007|era5_pressure_merged_1hPa_filtered_normalized|u
300,2100,30,SingleCross,RMSE,1,057|era5_pressure_merged_650hPa_filtered_normalized|ciwc
300,2100,30,SingleCross,W1,1,020|era5_pressure_merged_5hPa_filtered_normalized|v
300,2100,30,SingleCross,W2,1,021|era5_pressure_merged_5hPa_filtered_normalized|w
300,2700,30,SingleCross,TailMSE,1,001|era5_pressure_merged_1hPa_filtered_normalized|z
300,2700,30,SingleCross,FadeTailDist,1,014|era5_pressure_merged_5hPa_filtered_normalized|o3
300,2700,30,SingleCross,TailW1,1,012|era5_pressure_merged_5hPa_filtered_normalized|d
300,2700,30,SingleCross,FadeDist,1,004|era5_pressure_merged_1hPa_filtered_normalized|r
300,2700,30,SingleCross,RMSE,1,240|era5_surface_merged_all_filter_normalized|mntpr
300,2700,30,SingleCross,W1,1,066|era5_pressure_merged_650hPa_filtered_normalized|vo
300,2700,30,SingleCross,W2,1,009|era5_pressure_merged_1hPa_filtered_normalized|w
300,900,30,SingleCross,TailMSE,1,020|era5_pressure_merged_5hPa_filtered_normalized|v
300,900,30,SingleCross,FadeTailDist,1,055|era5_pressure_merged_650hPa_filtered_normalized|pv
300,900,30,SingleCross,TailW1,1,032|era5_pressure_merged_30hPa_filtered_normalized|v
300,900,30,SingleCross,FadeDist,1,066|era5_pressure_merged_650hPa_filtered_normalized|vo
300,900,30,SingleCross,RMSE,1,240|era5_surface_merged_all_filter_normalized|mntpr
300,900,30,SingleCross,W1,1,024|era5_pressure_merged_30hPa_filtered_normalized|d
300,900,30,SingleCross,W2,1,035|era5_pressure_merged_30hPa_filtered_normalized|expver
900,1500,30,AGLSTM,TailMSE,1,213|era5_surface_merged_all_filter_normalized|blh
900,1500,30,AGLSTM,FadeTailDist,1,142|era5_surface_merged_all_filter_normalized|msl
900,1500,30,AGLSTM,TailW1,1,133|era5_surface_merged_all_filter_normalized|avg_tnlwrfcs
900,1500,30,AGLSTM,FadeDist,1,230|era5_surface_merged_all_filter_normalized|tcw
900,1500,30,AGLSTM,RMSE,1,230|era5_surface_merged_all_filter_normalized|tcw
900,1500,30,AGLSTM,W1,1,140|era5_surface_merged_all_filter_normalized|d2m
900,1500,30,AGLSTM,W2,1,156|era5_surface_merged_all_filter_normalized|alnip
900,2100,30,AGLSTM,TailMSE,1,133|era5_surface_merged_all_filter_normalized|avg_tnlwrfcs
900,2100,30,AGLSTM,FadeTailDist,1,040|era5_pressure_merged_200hPa_filtered_normalized|pv
900,2100,30,AGLSTM,TailW1,1,040|era5_pressure_merged_200hPa_filtered_normalized|pv
900,2100,30,AGLSTM,FadeDist,1,149|era5_surface_merged_all_filter_normalized|v100
900,2100,30,AGLSTM,RMSE,1,235|era5_surface_merged_all_filter_normalized|deg0l
900,2100,30,AGLSTM,W1,1,199|era5_surface_merged_all_filter_normalized|vima
900,2100,30,AGLSTM,W2,1,162|era5_surface_merged_all_filter_normalized|mcc
900,2700,30,AGLSTM,TailMSE,1,038|era5_pressure_merged_200hPa_filtered_normalized|z
900,2700,30,AGLSTM,FadeTailDist,1,157|era5_surface_merged_all_filter_normalized|aluvd
900,2700,30,AGLSTM,TailW1,1,133|era5_surface_merged_all_filter_normalized|avg_tnlwrfcs
900,2700,30,AGLSTM,FadeDist,1,038|era5_pressure_merged_200hPa_filtered_normalized|z
900,2700,30,AGLSTM,RMSE,1,160|era5_surface_merged_all_filter_normalized|hcc
900,2700,30,AGLSTM,W1,1,208|era5_surface_merged_all_filter_normalized|vipie
900,2700,30,AGLSTM,W2,1,110|era5_surface_merged_all_filter_normalized|avg_ingwss
900,900,30,AGLSTM,TailMSE,1,089|era5_surface_merged_all_filter_normalized|lspf
900,900,30,AGLSTM,FadeTailDist,1,140|era5_surface_merged_all_filter_normalized|d2m
900,900,30,AGLSTM,TailW1,1,089|era5_surface_merged_all_filter_normalized|lspf
900,900,30,AGLSTM,FadeDist,1,237|era5_surface_merged_all_filter_normalized|mn2t
900,900,30,AGLSTM,RMSE,1,095|era5_surface_merged_all_filter_normalized|lgws
900,900,30,AGLSTM,W1,1,133|era5_surface_merged_all_filter_normalized|avg_tnlwrfcs
900,900,30,AGLSTM,W2,1,141|era5_surface_merged_all_filter_normalized|t2m
900,1500,60,AGLSTM,TailMSE,1,220|era5_surface_merged_all_filter_normalized|zust
900,1500,60,AGLSTM,FadeTailDist,1,015|era5_pressure_merged_5hPa_filtered_normalized|pv
900,1500,60,AGLSTM,TailW1,1,133|era5_surface_merged_all_filter_normalized|avg_tnlwrfcs
900,1500,60,AGLSTM,FadeDist,1,126|era5_surface_merged_all_filter_normalized|avg_snlwrfcs
900,1500,60,AGLSTM,RMSE,1,062|era5_pressure_merged_650hPa_filtered_normalized|t
900,1500,60,AGLSTM,W1,1,235|era5_surface_merged_all_filter_normalized|deg0l
900,1500,60,AGLSTM,W2,1,101|era5_surface_merged_all_filter_normalized|avg_ibld
900,2100,60,AGLSTM,TailMSE,1,072|era5_surface_merged_all_filter_normalized|ssr
900,2100,60,AGLSTM,FadeTailDist,1,149|era5_surface_merged_all_filter_normalized|v100
900,2100,60,AGLSTM,TailW1,1,039|era5_pressure_merged_200hPa_filtered_normalized|o3
900,2100,60,AGLSTM,FadeDist,1,155|era5_surface_merged_all_filter_normalized|alnid
900,2100,60,AGLSTM,RMSE,1,235|era5_surface_merged_all_filter_normalized|deg0l
900,2100,60,AGLSTM,W1,1,140|era5_surface_merged_all_filter_normalized|d2m
900,2100,60,AGLSTM,W2,1,210|era5_surface_merged_all_filter_normalized|vit
900,2700,60,AGLSTM,TailMSE,1,208|era5_surface_merged_all_filter_normalized|vipie
900,2700,60,AGLSTM,FadeTailDist,1,157|era5_surface_merged_all_filter_normalized|aluvd
900,2700,60,AGLSTM,TailW1,1,079|era5_surface_merged_all_filter_normalized|strdc
900,2700,60,AGLSTM,FadeDist,1,235|era5_surface_merged_all_filter_normalized|deg0l
900,2700,60,AGLSTM,RMSE,1,059|era5_pressure_merged_650hPa_filtered_normalized|q
900,2700,60,AGLSTM,W1,1,208|era5_surface_merged_all_filter_normalized|vipie
900,2700,60,AGLSTM,W2,1,139|era5_surface_merged_all_filter_normalized|v10
900,900,60,AGLSTM,TailMSE,1,229|era5_surface_merged_all_filter_normalized|tcslw
900,900,60,AGLSTM,FadeTailDist,1,175|era5_surface_merged_all_filter_normalized|ptype
900,900,60,AGLSTM,TailW1,1,095|era5_surface_merged_all_filter_normalized|lgws
900,900,60,AGLSTM,FadeDist,1,175|era5_surface_merged_all_filter_normalized|ptype
900,900,60,AGLSTM,RMSE,1,156|era5_surface_merged_all_filter_normalized|alnip
900,900,60,AGLSTM,W1,1,236|era5_surface_merged_all_filter_normalized|mx2t
900,900,60,AGLSTM,W2,1,055|era5_pressure_merged_650hPa_filtered_normalized|pv
900,1500,30,FiLMLSTM,TailMSE,1,000|era5_pressure_merged_1hPa_filtered_normalized|d
900,1500,30,FiLMLSTM,FadeTailDist,1,238|era5_surface_merged_all_filter_normalized|fg10
900,1500,30,FiLMLSTM,TailW1,1,162|era5_surface_merged_all_filter_normalized|mcc
900,1500,30,FiLMLSTM,FadeDist,1,004|era5_pressure_merged_1hPa_filtered_normalized|r
900,1500,30,FiLMLSTM,RMSE,1,200|era5_surface_merged_all_filter_normalized|vimat
900,1500,30,FiLMLSTM,W1,1,008|era5_pressure_merged_1hPa_filtered_normalized|v
900,1500,30,FiLMLSTM,W2,1,058|era5_pressure_merged_650hPa_filtered_normalized|clwc
900,2100,30,FiLMLSTM,TailMSE,1,017|era5_pressure_merged_5hPa_filtered_normalized|q
900,2100,30,FiLMLSTM,FadeTailDist,1,237|era5_surface_merged_all_filter_normalized|mn2t
900,2100,30,FiLMLSTM,TailW1,1,238|era5_surface_merged_all_filter_normalized|fg10
900,2100,30,FiLMLSTM,FadeDist,1,200|era5_surface_merged_all_filter_normalized|vimat
900,2100,30,FiLMLSTM,RMSE,1,237|era5_surface_merged_all_filter_normalized|mn2t
900,2100,30,FiLMLSTM,W1,1,141|era5_surface_merged_all_filter_normalized|t2m
900,2100,30,FiLMLSTM,W2,1,200|era5_surface_merged_all_filter_normalized|vimat
900,2700,30,FiLMLSTM,TailMSE,1,212|era5_surface_merged_all_filter_normalized|vitoe
900,2700,30,FiLMLSTM,FadeTailDist,1,237|era5_surface_merged_all_filter_normalized|mn2t
900,2700,30,FiLMLSTM,TailW1,1,237|era5_surface_merged_all_filter_normalized|mn2t
900,2700,30,FiLMLSTM,FadeDist,1,154|era5_surface_merged_all_filter_normalized|ishf
900,2700,30,FiLMLSTM,RMSE,1,139|era5_surface_merged_all_filter_normalized|v10
900,2700,30,FiLMLSTM,W1,1,141|era5_surface_merged_all_filter_normalized|t2m
900,2700,30,FiLMLSTM,W2,1,058|era5_pressure_merged_650hPa_filtered_normalized|clwc
900,900,30,FiLMLSTM,TailMSE,1,065|era5_pressure_merged_650hPa_filtered_normalized|w
900,900,30,FiLMLSTM,FadeTailDist,1,237|era5_surface_merged_all_filter_normalized|mn2t
900,900,30,FiLMLSTM,TailW1,1,065|era5_pressure_merged_650hPa_filtered_normalized|w
900,900,30,FiLMLSTM,FadeDist,1,200|era5_surface_merged_all_filter_normalized|vimat
900,900,30,FiLMLSTM,RMSE,1,079|era5_surface_merged_all_filter_normalized|strdc
900,900,30,FiLMLSTM,W1,1,155|era5_surface_merged_all_filter_normalized|alnid
900,900,30,FiLMLSTM,W2,1,101|era5_surface_merged_all_filter_normalized|avg_ibld
900,1500,60,FiLMLSTM,TailMSE,1,046|era5_pressure_merged_200hPa_filtered_normalized|u
900,1500,60,FiLMLSTM,FadeTailDist,1,004|era5_pressure_merged_1hPa_filtered_normalized|r
900,1500,60,FiLMLSTM,TailW1,1,017|era5_pressure_merged_5hPa_filtered_normalized|q
900,1500,60,FiLMLSTM,FadeDist,1,075|era5_surface_merged_all_filter_normalized|strc
900,1500,60,FiLMLSTM,RMSE,1,236|era5_surface_merged_all_filter_normalized|mx2t
900,1500,60,FiLMLSTM,W1,1,020|era5_pressure_merged_5hPa_filtered_normalized|v
900,1500,60,FiLMLSTM,W2,1,154|era5_surface_merged_all_filter_normalized|ishf
900,2100,60,FiLMLSTM,TailMSE,1,157|era5_surface_merged_all_filter_normalized|aluvd
900,2100,60,FiLMLSTM,FadeTailDist,1,200|era5_surface_merged_all_filter_normalized|vimat
900,2100,60,FiLMLSTM,TailW1,1,018|era5_pressure_merged_5hPa_filtered_normalized|t
900,2100,60,FiLMLSTM,FadeDist,1,013|era5_pressure_merged_5hPa_filtered_normalized|z
900,2100,60,FiLMLSTM,RMSE,1,075|era5_surface_merged_all_filter_normalized|strc
900,2100,60,FiLMLSTM,W1,1,141|era5_surface_merged_all_filter_normalized|t2m
900,2100,60,FiLMLSTM,W2,1,141|era5_surface_merged_all_filter_normalized|t2m
900,2700,60,FiLMLSTM,TailMSE,1,212|era5_surface_merged_all_filter_normalized|vitoe
900,2700,60,FiLMLSTM,FadeTailDist,1,237|era5_surface_merged_all_filter_normalized|mn2t
900,2700,60,FiLMLSTM,TailW1,1,237|era5_surface_merged_all_filter_normalized|mn2t
900,2700,60,FiLMLSTM,FadeDist,1,200|era5_surface_merged_all_filter_normalized|vimat
900,2700,60,FiLMLSTM,RMSE,1,200|era5_surface_merged_all_filter_normalized|vimat
900,2700,60,FiLMLSTM,W1,1,141|era5_surface_merged_all_filter_normalized|t2m
900,2700,60,FiLMLSTM,W2,1,139|era5_surface_merged_all_filter_normalized|v10
900,900,60,FiLMLSTM,TailMSE,1,149|era5_surface_merged_all_filter_normalized|v100
900,900,60,FiLMLSTM,FadeTailDist,1,110|era5_surface_merged_all_filter_normalized|avg_ingwss
900,900,60,FiLMLSTM,TailW1,1,180|era5_surface_merged_all_filter_normalized|sd
900,900,60,FiLMLSTM,FadeDist,1,105|era5_surface_merged_all_filter_normalized|avg_ie
900,900,60,FiLMLSTM,RMSE,1,085|era5_surface_merged_all_filter_normalized|ttrc
900,900,60,FiLMLSTM,W1,1,236|era5_surface_merged_all_filter_normalized|mx2t
900,900,60,FiLMLSTM,W2,1,085|era5_surface_merged_all_filter_normalized|ttrc
900,900,30,Fusion,TailMSE,1,008|era5_pressure_merged_1hPa_filtered_normalized|v
900,900,30,Fusion,FadeTailDist,1,139|era5_surface_merged_all_filter_normalized|v10
900,900,30,Fusion,TailW1,1,042|era5_pressure_merged_200hPa_filtered_normalized|ciwc
900,900,30,Fusion,FadeDist,1,064|era5_pressure_merged_650hPa_filtered_normalized|v
900,900,30,Fusion,RMSE,1,240|era5_surface_merged_all_filter_normalized|mntpr
900,900,30,Fusion,W1,1,018|era5_pressure_merged_5hPa_filtered_normalized|t
900,900,30,Fusion,W2,1,018|era5_pressure_merged_5hPa_filtered_normalized|t
900,1500,30,Fusion,TailMSE,1,003|era5_pressure_merged_1hPa_filtered_normalized|pv
900,1500,30,Fusion,FadeTailDist,1,149|era5_surface_merged_all_filter_normalized|v100
900,1500,30,Fusion,TailW1,1,149|era5_surface_merged_all_filter_normalized|v100
900,1500,30,Fusion,FadeDist,1,177|era5_surface_merged_all_filter_normalized|lssfr
900,1500,30,Fusion,RMSE,1,240|era5_surface_merged_all_filter_normalized|mntpr
900,1500,30,Fusion,W1,1,047|era5_pressure_merged_200hPa_filtered_normalized|v
900,1500,30,Fusion,W2,1,022|era5_pressure_merged_5hPa_filtered_normalized|vo
900,2100,30,Fusion,TailMSE,1,024|era5_pressure_merged_30hPa_filtered_normalized|d
900,2100,30,Fusion,FadeTailDist,1,055|era5_pressure_merged_650hPa_filtered_normalized|pv
900,2100,30,Fusion,TailW1,1,012|era5_pressure_merged_5hPa_filtered_normalized|d
900,2100,30,Fusion,FadeDist,1,018|era5_pressure_merged_5hPa_filtered_normalized|t
900,2100,30,Fusion,RMSE,1,240|era5_surface_merged_all_filter_normalized|mntpr
900,2100,30,Fusion,W1,1,115|era5_surface_merged_all_filter_normalized|avg_tsrwe
900,2100,30,Fusion,W2,1,021|era5_pressure_merged_5hPa_filtered_normalized|w
900,2700,30,Fusion,TailMSE,1,017|era5_pressure_merged_5hPa_filtered_normalized|q
900,2700,30,Fusion,FadeTailDist,1,021|era5_pressure_merged_5hPa_filtered_normalized|w
900,2700,30,Fusion,TailW1,1,014|era5_pressure_merged_5hPa_filtered_normalized|o3
900,2700,30,Fusion,FadeDist,1,047|era5_pressure_merged_200hPa_filtered_normalized|v
900,2700,30,Fusion,RMSE,1,066|era5_pressure_merged_650hPa_filtered_normalized|vo
900,2700,30,Fusion,W1,1,003|era5_pressure_merged_1hPa_filtered_normalized|pv
900,2700,30,Fusion,W2,1,007|era5_pressure_merged_1hPa_filtered_normalized|u
900,1500,60,Fusion,TailMSE,1,019|era5_pressure_merged_5hPa_filtered_normalized|u
900,1500,60,Fusion,FadeTailDist,1,098|era5_surface_merged_all_filter_normalized|mgws
900,1500,60,Fusion,TailW1,1,064|era5_pressure_merged_650hPa_filtered_normalized|v
900,1500,60,Fusion,FadeDist,1,055|era5_pressure_merged_650hPa_filtered_normalized|pv
900,1500,60,Fusion,RMSE,1,240|era5_surface_merged_all_filter_normalized|mntpr
900,1500,60,Fusion,W1,1,139|era5_surface_merged_all_filter_normalized|v10
900,1500,60,Fusion,W2,1,026|era5_pressure_merged_30hPa_filtered_normalized|o3
900,2100,60,Fusion,TailMSE,1,019|era5_pressure_merged_5hPa_filtered_normalized|u
900,2100,60,Fusion,FadeTailDist,1,110|era5_surface_merged_all_filter_normalized|avg_ingwss
900,2100,60,Fusion,TailW1,1,010|era5_pressure_merged_1hPa_filtered_normalized|vo
900,2100,60,Fusion,FadeDist,1,110|era5_surface_merged_all_filter_normalized|avg_ingwss
900,2100,60,Fusion,RMSE,1,240|era5_surface_merged_all_filter_normalized|mntpr
900,2100,60,Fusion,W1,1,213|era5_surface_merged_all_filter_normalized|blh
900,2100,60,Fusion,W2,1,028|era5_pressure_merged_30hPa_filtered_normalized|r
900,2700,60,Fusion,TailMSE,1,028|era5_pressure_merged_30hPa_filtered_normalized|r
900,2700,60,Fusion,FadeTailDist,1,022|era5_pressure_merged_5hPa_filtered_normalized|vo
900,2700,60,Fusion,TailW1,1,022|era5_pressure_merged_5hPa_filtered_normalized|vo
900,2700,60,Fusion,FadeDist,1,047|era5_pressure_merged_200hPa_filtered_normalized|v
900,2700,60,Fusion,RMSE,1,027|era5_pressure_merged_30hPa_filtered_normalized|pv
900,2700,60,Fusion,W1,1,001|era5_pressure_merged_1hPa_filtered_normalized|z
900,2700,60,Fusion,W2,1,037|era5_pressure_merged_200hPa_filtered_normalized|cc
900,900,60,Fusion,TailMSE,1,010|era5_pressure_merged_1hPa_filtered_normalized|vo
900,900,60,Fusion,FadeTailDist,1,065|era5_pressure_merged_650hPa_filtered_normalized|w
900,900,60,Fusion,TailW1,1,064|era5_pressure_merged_650hPa_filtered_normalized|v
900,900,60,Fusion,FadeDist,1,144|era5_surface_merged_all_filter_normalized|istl1
900,900,60,Fusion,RMSE,1,240|era5_surface_merged_all_filter_normalized|mntpr
900,900,60,Fusion,W1,1,051|era5_pressure_merged_650hPa_filtered_normalized|d
900,900,60,Fusion,W2,1,098|era5_surface_merged_all_filter_normalized|mgws
900,900,30,NoPosEnc,TailMSE,1,012|era5_pressure_merged_5hPa_filtered_normalized|d
900,900,30,NoPosEnc,FadeTailDist,1,018|era5_pressure_merged_5hPa_filtered_normalized|t
900,900,30,NoPosEnc,TailW1,1,007|era5_pressure_merged_1hPa_filtered_normalized|u
900,900,30,NoPosEnc,FadeDist,1,023|era5_pressure_merged_5hPa_filtered_normalized|expver
900,900,30,NoPosEnc,RMSE,1,240|era5_surface_merged_all_filter_normalized|mntpr
900,900,30,NoPosEnc,W1,1,064|era5_pressure_merged_650hPa_filtered_normalized|v
900,900,30,NoPosEnc,W2,1,028|era5_pressure_merged_30hPa_filtered_normalized|r
900,1500,30,NoPosEnc,TailMSE,1,018|era5_pressure_merged_5hPa_filtered_normalized|t
900,1500,30,NoPosEnc,FadeTailDist,1,012|era5_pressure_merged_5hPa_filtered_normalized|d
900,1500,30,NoPosEnc,TailW1,1,020|era5_pressure_merged_5hPa_filtered_normalized|v
900,1500,30,NoPosEnc,FadeDist,1,034|era5_pressure_merged_30hPa_filtered_normalized|vo
900,1500,30,NoPosEnc,RMSE,1,236|era5_surface_merged_all_filter_normalized|mx2t
900,1500,30,NoPosEnc,W1,1,034|era5_pressure_merged_30hPa_filtered_normalized|vo
900,1500,30,NoPosEnc,W2,1,018|era5_pressure_merged_5hPa_filtered_normalized|t
900,2100,30,NoPosEnc,TailMSE,1,019|era5_pressure_merged_5hPa_filtered_normalized|u
900,2100,30,NoPosEnc,FadeTailDist,1,009|era5_pressure_merged_1hPa_filtered_normalized|w
900,2100,30,NoPosEnc,TailW1,1,028|era5_pressure_merged_30hPa_filtered_normalized|r
900,2100,30,NoPosEnc,FadeDist,1,040|era5_pressure_merged_200hPa_filtered_normalized|pv
900,2100,30,NoPosEnc,RMSE,1,240|era5_surface_merged_all_filter_normalized|mntpr
900,2100,30,NoPosEnc,W1,1,000|era5_pressure_merged_1hPa_filtered_normalized|d
900,2100,30,NoPosEnc,W2,1,016|era5_pressure_merged_5hPa_filtered_normalized|r
900,2700,30,NoPosEnc,TailMSE,1,018|era5_pressure_merged_5hPa_filtered_normalized|t
900,2700,30,NoPosEnc,FadeTailDist,1,134|era5_surface_merged_all_filter_normalized|avg_tnswrf
900,2700,30,NoPosEnc,TailW1,1,023|era5_pressure_merged_5hPa_filtered_normalized|expver
900,2700,30,NoPosEnc,FadeDist,1,149|era5_surface_merged_all_filter_normalized|v100
900,2700,30,NoPosEnc,RMSE,1,064|era5_pressure_merged_650hPa_filtered_normalized|v
900,2700,30,NoPosEnc,W1,1,098|era5_surface_merged_all_filter_normalized|mgws
900,2700,30,NoPosEnc,W2,1,063|era5_pressure_merged_650hPa_filtered_normalized|u
900,1500,60,NoPosEnc,TailMSE,1,016|era5_pressure_merged_5hPa_filtered_normalized|r
900,1500,60,NoPosEnc,FadeTailDist,1,098|era5_surface_merged_all_filter_normalized|mgws
900,1500,60,NoPosEnc,TailW1,1,057|era5_pressure_merged_650hPa_filtered_normalized|ciwc
900,1500,60,NoPosEnc,FadeDist,1,061|era5_pressure_merged_650hPa_filtered_normalized|cswc
900,1500,60,NoPosEnc,RMSE,1,236|era5_surface_merged_all_filter_normalized|mx2t
900,1500,60,NoPosEnc,W1,1,061|era5_pressure_merged_650hPa_filtered_normalized|cswc
900,1500,60,NoPosEnc,W2,1,033|era5_pressure_merged_30hPa_filtered_normalized|w
900,2100,60,NoPosEnc,TailMSE,1,008|era5_pressure_merged_1hPa_filtered_normalized|v
900,2100,60,NoPosEnc,FadeTailDist,1,003|era5_pressure_merged_1hPa_filtered_normalized|pv
900,2100,60,NoPosEnc,TailW1,1,115|era5_surface_merged_all_filter_normalized|avg_tsrwe
900,2100,60,NoPosEnc,FadeDist,1,001|era5_pressure_merged_1hPa_filtered_normalized|z
900,2100,60,NoPosEnc,RMSE,1,150|era5_surface_merged_all_filter_normalized|u10n
900,2100,60,NoPosEnc,W1,1,098|era5_surface_merged_all_filter_normalized|mgws
900,2100,60,NoPosEnc,W2,1,021|era5_pressure_merged_5hPa_filtered_normalized|w
900,2700,60,NoPosEnc,TailMSE,1,018|era5_pressure_merged_5hPa_filtered_normalized|t
900,2700,60,NoPosEnc,FadeTailDist,1,022|era5_pressure_merged_5hPa_filtered_normalized|vo
900,2700,60,NoPosEnc,TailW1,1,053|era5_pressure_merged_650hPa_filtered_normalized|z
900,2700,60,NoPosEnc,FadeDist,1,064|era5_pressure_merged_650hPa_filtered_normalized|v
900,2700,60,NoPosEnc,RMSE,1,019|era5_pressure_merged_5hPa_filtered_normalized|u
900,2700,60,NoPosEnc,W1,1,237|era5_surface_merged_all_filter_normalized|mn2t
900,2700,60,NoPosEnc,W2,1,037|era5_pressure_merged_200hPa_filtered_normalized|cc
900,900,60,NoPosEnc,TailMSE,1,016|era5_pressure_merged_5hPa_filtered_normalized|r
900,900,60,NoPosEnc,FadeTailDist,1,033|era5_pressure_merged_30hPa_filtered_normalized|w
900,900,60,NoPosEnc,TailW1,1,054|era5_pressure_merged_650hPa_filtered_normalized|o3
900,900,60,NoPosEnc,FadeDist,1,092|era5_surface_merged_all_filter_normalized|sf
900,900,60,NoPosEnc,RMSE,1,238|era5_surface_merged_all_filter_normalized|fg10
900,900,60,NoPosEnc,W1,1,149|era5_surface_merged_all_filter_normalized|v100
900,900,60,NoPosEnc,W2,1,028|era5_pressure_merged_30hPa_filtered_normalized|r
900,900,30,NoTempAttn,TailMSE,1,017|era5_pressure_merged_5hPa_filtered_normalized|q
900,900,30,NoTempAttn,FadeTailDist,1,018|era5_pressure_merged_5hPa_filtered_normalized|t
900,900,30,NoTempAttn,TailW1,1,021|era5_pressure_merged_5hPa_filtered_normalized|w
900,900,30,NoTempAttn,FadeDist,1,024|era5_pressure_merged_30hPa_filtered_normalized|d
900,900,30,NoTempAttn,RMSE,1,237|era5_surface_merged_all_filter_normalized|mn2t
900,900,30,NoTempAttn,W1,1,018|era5_pressure_merged_5hPa_filtered_normalized|t
900,1500,30,NoTempAttn,TailMSE,1,018|era5_pressure_merged_5hPa_filtered_normalized|t
900,1500,30,NoTempAttn,FadeTailDist,1,057|era5_pressure_merged_650hPa_filtered_normalized|ciwc
900,1500,30,NoTempAttn,TailW1,1,053|era5_pressure_merged_650hPa_filtered_normalized|z
900,1500,30,NoTempAttn,FadeDist,1,021|era5_pressure_merged_5hPa_filtered_normalized|w
900,1500,30,NoTempAttn,RMSE,1,238|era5_surface_merged_all_filter_normalized|fg10
900,1500,30,NoTempAttn,W1,1,032|era5_pressure_merged_30hPa_filtered_normalized|v
900,1500,30,NoTempAttn,W2,1,042|era5_pressure_merged_200hPa_filtered_normalized|ciwc
900,2100,30,NoTempAttn,TailMSE,1,018|era5_pressure_merged_5hPa_filtered_normalized|t
900,2100,30,NoTempAttn,FadeTailDist,1,012|era5_pressure_merged_5hPa_filtered_normalized|d
900,2100,30,NoTempAttn,TailW1,1,008|era5_pressure_merged_1hPa_filtered_normalized|v
900,2100,30,NoTempAttn,FadeDist,1,038|era5_pressure_merged_200hPa_filtered_normalized|z
900,2100,30,NoTempAttn,RMSE,1,240|era5_surface_merged_all_filter_normalized|mntpr
900,2100,30,NoTempAttn,W1,1,236|era5_surface_merged_all_filter_normalized|mx2t
900,2100,30,NoTempAttn,W2,1,021|era5_pressure_merged_5hPa_filtered_normalized|w
900,2700,30,NoTempAttn,TailMSE,1,017|era5_pressure_merged_5hPa_filtered_normalized|q
900,2700,30,NoTempAttn,FadeTailDist,1,150|era5_surface_merged_all_filter_normalized|u10n
900,2700,30,NoTempAttn,TailW1,1,018|era5_pressure_merged_5hPa_filtered_normalized|t
900,2700,30,NoTempAttn,FadeDist,1,047|era5_pressure_merged_200hPa_filtered_normalized|v
900,2700,30,NoTempAttn,RMSE,1,014|era5_pressure_merged_5hPa_filtered_normalized|o3
900,2700,30,NoTempAttn,W1,1,024|era5_pressure_merged_30hPa_filtered_normalized|d
900,2700,30,NoTempAttn,W2,1,030|era5_pressure_merged_30hPa_filtered_normalized|t
900,900,30,NoTempAttn,W2,1,009|era5_pressure_merged_1hPa_filtered_normalized|w
900,1500,60,NoTempAttn,TailMSE,1,018|era5_pressure_merged_5hPa_filtered_normalized|t
900,1500,60,NoTempAttn,FadeTailDist,1,028|era5_pressure_merged_30hPa_filtered_normalized|r
900,1500,60,NoTempAttn,TailW1,1,046|era5_pressure_merged_200hPa_filtered_normalized|u
900,1500,60,NoTempAttn,FadeDist,1,200|era5_surface_merged_all_filter_normalized|vimat
900,1500,60,NoTempAttn,RMSE,1,240|era5_surface_merged_all_filter_normalized|mntpr
900,1500,60,NoTempAttn,W1,1,223|era5_surface_merged_all_filter_normalized|inss
900,1500,60,NoTempAttn,W2,1,033|era5_pressure_merged_30hPa_filtered_normalized|w
900,2100,60,NoTempAttn,TailMSE,1,018|era5_pressure_merged_5hPa_filtered_normalized|t
900,2100,60,NoTempAttn,FadeTailDist,1,110|era5_surface_merged_all_filter_normalized|avg_ingwss
900,2100,60,NoTempAttn,TailW1,1,013|era5_pressure_merged_5hPa_filtered_normalized|z
900,2100,60,NoTempAttn,FadeDist,1,064|era5_pressure_merged_650hPa_filtered_normalized|v
900,2100,60,NoTempAttn,RMSE,1,240|era5_surface_merged_all_filter_normalized|mntpr
900,2100,60,NoTempAttn,W1,1,098|era5_surface_merged_all_filter_normalized|mgws
900,2100,60,NoTempAttn,W2,1,065|era5_pressure_merged_650hPa_filtered_normalized|w
900,2700,60,NoTempAttn,TailMSE,1,010|era5_pressure_merged_1hPa_filtered_normalized|vo
900,2700,60,NoTempAttn,FadeTailDist,1,022|era5_pressure_merged_5hPa_filtered_normalized|vo
900,2700,60,NoTempAttn,TailW1,1,022|era5_pressure_merged_5hPa_filtered_normalized|vo
900,2700,60,NoTempAttn,FadeDist,1,064|era5_pressure_merged_650hPa_filtered_normalized|v
900,2700,60,NoTempAttn,RMSE,1,027|era5_pressure_merged_30hPa_filtered_normalized|pv
900,2700,60,NoTempAttn,W1,1,017|era5_pressure_merged_5hPa_filtered_normalized|q
900,2700,60,NoTempAttn,W2,1,046|era5_pressure_merged_200hPa_filtered_normalized|u
900,900,60,NoTempAttn,TailMSE,1,009|era5_pressure_merged_1hPa_filtered_normalized|w
900,900,60,NoTempAttn,FadeTailDist,1,056|era5_pressure_merged_650hPa_filtered_normalized|r
900,900,60,NoTempAttn,TailW1,1,028|era5_pressure_merged_30hPa_filtered_normalized|r
900,900,60,NoTempAttn,FadeDist,1,053|era5_pressure_merged_650hPa_filtered_normalized|z
900,900,60,NoTempAttn,RMSE,1,240|era5_surface_merged_all_filter_normalized|mntpr
900,900,60,NoTempAttn,W1,1,034|era5_pressure_merged_30hPa_filtered_normalized|vo
900,900,60,NoTempAttn,W2,1,057|era5_pressure_merged_650hPa_filtered_normalized|ciwc
900,900,30,NoVertical,TailMSE,1,026|era5_pressure_merged_30hPa_filtered_normalized|o3
900,900,30,NoVertical,FadeTailDist,1,065|era5_pressure_merged_650hPa_filtered_normalized|w
900,900,30,NoVertical,TailW1,1,178|era5_surface_merged_all_filter_normalized|asn
900,900,30,NoVertical,FadeDist,1,139|era5_surface_merged_all_filter_normalized|v10
900,900,30,NoVertical,RMSE,1,240|era5_surface_merged_all_filter_normalized|mntpr
900,900,30,NoVertical,W1,1,025|era5_pressure_merged_30hPa_filtered_normalized|z
900,900,30,NoVertical,W2,1,007|era5_pressure_merged_1hPa_filtered_normalized|u
900,1500,30,NoVertical,TailMSE,1,057|era5_pressure_merged_650hPa_filtered_normalized|ciwc
900,1500,30,NoVertical,FadeTailDist,1,149|era5_surface_merged_all_filter_normalized|v100
900,1500,30,NoVertical,TailW1,1,021|era5_pressure_merged_5hPa_filtered_normalized|w
900,1500,30,NoVertical,FadeDist,1,200|era5_surface_merged_all_filter_normalized|vimat
900,1500,30,NoVertical,RMSE,1,240|era5_surface_merged_all_filter_normalized|mntpr
900,1500,30,NoVertical,W1,1,139|era5_surface_merged_all_filter_normalized|v10
900,1500,30,NoVertical,W2,1,012|era5_pressure_merged_5hPa_filtered_normalized|d
900,2100,30,NoVertical,TailMSE,1,065|era5_pressure_merged_650hPa_filtered_normalized|w
900,2100,30,NoVertical,FadeTailDist,1,018|era5_pressure_merged_5hPa_filtered_normalized|t
900,2100,30,NoVertical,TailW1,1,149|era5_surface_merged_all_filter_normalized|v100
900,2100,30,NoVertical,FadeDist,1,076|era5_surface_merged_all_filter_normalized|sshf
900,2100,30,NoVertical,RMSE,1,240|era5_surface_merged_all_filter_normalized|mntpr
900,2100,30,NoVertical,W1,1,139|era5_surface_merged_all_filter_normalized|v10
900,2100,30,NoVertical,W2,1,139|era5_surface_merged_all_filter_normalized|v10
900,2700,30,NoVertical,TailMSE,1,009|era5_pressure_merged_1hPa_filtered_normalized|w
900,2700,30,NoVertical,FadeTailDist,1,237|era5_surface_merged_all_filter_normalized|mn2t
900,2700,30,NoVertical,TailW1,1,053|era5_pressure_merged_650hPa_filtered_normalized|z
900,2700,30,NoVertical,FadeDist,1,236|era5_surface_merged_all_filter_normalized|mx2t
900,2700,30,NoVertical,RMSE,1,169|era5_surface_merged_all_filter_normalized|vilwe
900,2700,30,NoVertical,W1,1,015|era5_pressure_merged_5hPa_filtered_normalized|pv
900,2700,30,NoVertical,W2,1,002|era5_pressure_merged_1hPa_filtered_normalized|o3
900,1500,60,NoVertical,TailMSE,1,048|era5_pressure_merged_200hPa_filtered_normalized|w
900,1500,60,NoVertical,FadeTailDist,1,017|era5_pressure_merged_5hPa_filtered_normalized|q
900,1500,60,NoVertical,TailW1,1,014|era5_pressure_merged_5hPa_filtered_normalized|o3
900,1500,60,NoVertical,FadeDist,1,010|era5_pressure_merged_1hPa_filtered_normalized|vo
900,1500,60,NoVertical,RMSE,1,035|era5_pressure_merged_30hPa_filtered_normalized|expver
900,1500,60,NoVertical,W1,1,110|era5_surface_merged_all_filter_normalized|avg_ingwss
900,1500,60,NoVertical,W2,1,085|era5_surface_merged_all_filter_normalized|ttrc
900,2100,60,NoVertical,TailMSE,1,034|era5_pressure_merged_30hPa_filtered_normalized|vo
900,2100,60,NoVertical,FadeTailDist,1,054|era5_pressure_merged_650hPa_filtered_normalized|o3
900,2100,60,NoVertical,TailW1,1,064|era5_pressure_merged_650hPa_filtered_normalized|v
900,2100,60,NoVertical,FadeDist,1,023|era5_pressure_merged_5hPa_filtered_normalized|expver
900,2100,60,NoVertical,RMSE,1,139|era5_surface_merged_all_filter_normalized|v10
900,2100,60,NoVertical,W1,1,098|era5_surface_merged_all_filter_normalized|mgws
900,2100,60,NoVertical,W2,1,111|era5_surface_merged_all_filter_normalized|avg_inss
900,2700,60,NoVertical,TailMSE,1,018|era5_pressure_merged_5hPa_filtered_normalized|t
900,2700,60,NoVertical,FadeTailDist,1,154|era5_surface_merged_all_filter_normalized|ishf
900,2700,60,NoVertical,TailW1,1,025|era5_pressure_merged_30hPa_filtered_normalized|z
900,2700,60,NoVertical,FadeDist,1,237|era5_surface_merged_all_filter_normalized|mn2t
900,2700,60,NoVertical,RMSE,1,085|era5_surface_merged_all_filter_normalized|ttrc
900,2700,60,NoVertical,W1,1,014|era5_pressure_merged_5hPa_filtered_normalized|o3
900,2700,60,NoVertical,W2,1,018|era5_pressure_merged_5hPa_filtered_normalized|t
900,900,60,NoVertical,TailMSE,1,012|era5_pressure_merged_5hPa_filtered_normalized|d
900,900,60,NoVertical,FadeTailDist,1,018|era5_pressure_merged_5hPa_filtered_normalized|t
900,900,60,NoVertical,TailW1,1,024|era5_pressure_merged_30hPa_filtered_normalized|d
900,900,60,NoVertical,FadeDist,1,036|era5_pressure_merged_200hPa_filtered_normalized|d
900,900,60,NoVertical,RMSE,1,240|era5_surface_merged_all_filter_normalized|mntpr
900,900,60,NoVertical,W1,1,236|era5_surface_merged_all_filter_normalized|mx2t
900,900,60,NoVertical,W2,1,139|era5_surface_merged_all_filter_normalized|v10
900,1500,30,SimpleLSTM,TailMSE,1,240|era5_surface_merged_all_filter_normalized|mntpr
900,1500,30,SimpleLSTM,FadeTailDist,1,240|era5_surface_merged_all_filter_normalized|mntpr
900,1500,30,SimpleLSTM,TailW1,1,240|era5_surface_merged_all_filter_normalized|mntpr
900,1500,30,SimpleLSTM,FadeDist,1,240|era5_surface_merged_all_filter_normalized|mntpr
900,1500,30,SimpleLSTM,RMSE,1,240|era5_surface_merged_all_filter_normalized|mntpr
900,1500,30,SimpleLSTM,W1,1,240|era5_surface_merged_all_filter_normalized|mntpr
900,1500,30,SimpleLSTM,W2,1,240|era5_surface_merged_all_filter_normalized|mntpr
900,2100,30,SimpleLSTM,TailMSE,1,240|era5_surface_merged_all_filter_normalized|mntpr
900,2100,30,SimpleLSTM,FadeTailDist,1,240|era5_surface_merged_all_filter_normalized|mntpr
900,2100,30,SimpleLSTM,TailW1,1,240|era5_surface_merged_all_filter_normalized|mntpr
900,2100,30,SimpleLSTM,FadeDist,1,240|era5_surface_merged_all_filter_normalized|mntpr
900,2100,30,SimpleLSTM,RMSE,1,240|era5_surface_merged_all_filter_normalized|mntpr
900,2100,30,SimpleLSTM,W1,1,240|era5_surface_merged_all_filter_normalized|mntpr
900,2100,30,SimpleLSTM,W2,1,240|era5_surface_merged_all_filter_normalized|mntpr
900,2700,30,SimpleLSTM,TailMSE,1,240|era5_surface_merged_all_filter_normalized|mntpr
900,2700,30,SimpleLSTM,FadeTailDist,1,240|era5_surface_merged_all_filter_normalized|mntpr
900,2700,30,SimpleLSTM,TailW1,1,240|era5_surface_merged_all_filter_normalized|mntpr
900,2700,30,SimpleLSTM,FadeDist,1,240|era5_surface_merged_all_filter_normalized|mntpr
900,2700,30,SimpleLSTM,RMSE,1,240|era5_surface_merged_all_filter_normalized|mntpr
900,2700,30,SimpleLSTM,W1,1,240|era5_surface_merged_all_filter_normalized|mntpr
900,2700,30,SimpleLSTM,W2,1,240|era5_surface_merged_all_filter_normalized|mntpr
900,900,30,SimpleLSTM,TailMSE,1,240|era5_surface_merged_all_filter_normalized|mntpr
900,900,30,SimpleLSTM,FadeTailDist,1,240|era5_surface_merged_all_filter_normalized|mntpr
900,900,30,SimpleLSTM,TailW1,1,240|era5_surface_merged_all_filter_normalized|mntpr
900,900,30,SimpleLSTM,FadeDist,1,240|era5_surface_merged_all_filter_normalized|mntpr
900,900,30,SimpleLSTM,RMSE,1,240|era5_surface_merged_all_filter_normalized|mntpr
900,900,30,SimpleLSTM,W1,1,240|era5_surface_merged_all_filter_normalized|mntpr
900,900,30,SimpleLSTM,W2,1,240|era5_surface_merged_all_filter_normalized|mntpr
900,1500,60,SimpleLSTM,TailMSE,1,240|era5_surface_merged_all_filter_normalized|mntpr
900,1500,60,SimpleLSTM,FadeTailDist,1,240|era5_surface_merged_all_filter_normalized|mntpr
900,1500,60,SimpleLSTM,TailW1,1,240|era5_surface_merged_all_filter_normalized|mntpr
900,1500,60,SimpleLSTM,FadeDist,1,240|era5_surface_merged_all_filter_normalized|mntpr
900,1500,60,SimpleLSTM,RMSE,1,240|era5_surface_merged_all_filter_normalized|mntpr
900,1500,60,SimpleLSTM,W1,1,240|era5_surface_merged_all_filter_normalized|mntpr
900,1500,60,SimpleLSTM,W2,1,240|era5_surface_merged_all_filter_normalized|mntpr
900,2100,60,SimpleLSTM,TailMSE,1,240|era5_surface_merged_all_filter_normalized|mntpr
900,2100,60,SimpleLSTM,FadeTailDist,1,240|era5_surface_merged_all_filter_normalized|mntpr
900,2100,60,SimpleLSTM,TailW1,1,240|era5_surface_merged_all_filter_normalized|mntpr
900,2100,60,SimpleLSTM,FadeDist,1,240|era5_surface_merged_all_filter_normalized|mntpr
900,2100,60,SimpleLSTM,RMSE,1,240|era5_surface_merged_all_filter_normalized|mntpr
900,2100,60,SimpleLSTM,W1,1,240|era5_surface_merged_all_filter_normalized|mntpr
900,2100,60,SimpleLSTM,W2,1,240|era5_surface_merged_all_filter_normalized|mntpr
900,2700,60,SimpleLSTM,TailMSE,1,240|era5_surface_merged_all_filter_normalized|mntpr
900,2700,60,SimpleLSTM,FadeTailDist,1,240|era5_surface_merged_all_filter_normalized|mntpr
900,2700,60,SimpleLSTM,TailW1,1,240|era5_surface_merged_all_filter_normalized|mntpr
900,2700,60,SimpleLSTM,FadeDist,1,240|era5_surface_merged_all_filter_normalized|mntpr
900,2700,60,SimpleLSTM,RMSE,1,240|era5_surface_merged_all_filter_normalized|mntpr
900,2700,60,SimpleLSTM,W1,1,240|era5_surface_merged_all_filter_normalized|mntpr
900,2700,60,SimpleLSTM,W2,1,240|era5_surface_merged_all_filter_normalized|mntpr
900,900,60,SimpleLSTM,TailMSE,1,240|era5_surface_merged_all_filter_normalized|mntpr
900,900,60,SimpleLSTM,FadeTailDist,1,240|era5_surface_merged_all_filter_normalized|mntpr
900,900,60,SimpleLSTM,TailW1,1,240|era5_surface_merged_all_filter_normalized|mntpr
900,900,60,SimpleLSTM,FadeDist,1,240|era5_surface_merged_all_filter_normalized|mntpr
900,900,60,SimpleLSTM,RMSE,1,240|era5_surface_merged_all_filter_normalized|mntpr
900,900,60,SimpleLSTM,W1,1,240|era5_surface_merged_all_filter_normalized|mntpr
900,900,60,SimpleLSTM,W2,1,240|era5_surface_merged_all_filter_normalized|mntpr
900,1500,30,SingleCross,TailMSE,1,017|era5_pressure_merged_5hPa_filtered_normalized|q
900,1500,30,SingleCross,FadeTailDist,1,041|era5_pressure_merged_200hPa_filtered_normalized|r
900,1500,30,SingleCross,TailW1,1,008|era5_pressure_merged_1hPa_filtered_normalized|v
900,1500,30,SingleCross,FadeDist,1,024|era5_pressure_merged_30hPa_filtered_normalized|d
900,1500,30,SingleCross,RMSE,1,009|era5_pressure_merged_1hPa_filtered_normalized|w
900,1500,30,SingleCross,W1,1,004|era5_pressure_merged_1hPa_filtered_normalized|r
900,1500,30,SingleCross,W2,1,001|era5_pressure_merged_1hPa_filtered_normalized|z
900,2100,30,SingleCross,TailMSE,1,000|era5_pressure_merged_1hPa_filtered_normalized|d
900,2100,30,SingleCross,FadeTailDist,1,061|era5_pressure_merged_650hPa_filtered_normalized|cswc
900,2100,30,SingleCross,TailW1,1,019|era5_pressure_merged_5hPa_filtered_normalized|u
900,2100,30,SingleCross,FadeDist,1,024|era5_pressure_merged_30hPa_filtered_normalized|d
900,2100,30,SingleCross,RMSE,1,048|era5_pressure_merged_200hPa_filtered_normalized|w
900,2100,30,SingleCross,W1,1,020|era5_pressure_merged_5hPa_filtered_normalized|v
900,2100,30,SingleCross,W2,1,018|era5_pressure_merged_5hPa_filtered_normalized|t
900,2700,30,SingleCross,TailMSE,1,022|era5_pressure_merged_5hPa_filtered_normalized|vo
900,2700,30,SingleCross,FadeTailDist,1,025|era5_pressure_merged_30hPa_filtered_normalized|z
900,2700,30,SingleCross,TailW1,1,022|era5_pressure_merged_5hPa_filtered_normalized|vo
900,2700,30,SingleCross,FadeDist,1,053|era5_pressure_merged_650hPa_filtered_normalized|z
900,2700,30,SingleCross,RMSE,1,118|era5_surface_merged_all_filter_normalized|avg_sdirswrfcs
900,2700,30,SingleCross,W1,1,030|era5_pressure_merged_30hPa_filtered_normalized|t
900,2700,30,SingleCross,W2,1,055|era5_pressure_merged_650hPa_filtered_normalized|pv
900,900,30,SingleCross,TailMSE,1,018|era5_pressure_merged_5hPa_filtered_normalized|t
900,900,30,SingleCross,FadeTailDist,1,057|era5_pressure_merged_650hPa_filtered_normalized|ciwc
900,900,30,SingleCross,TailW1,1,061|era5_pressure_merged_650hPa_filtered_normalized|cswc
900,900,30,SingleCross,FadeDist,1,026|era5_pressure_merged_30hPa_filtered_normalized|o3
900,900,30,SingleCross,RMSE,1,240|era5_surface_merged_all_filter_normalized|mntpr
900,900,30,SingleCross,W1,1,012|era5_pressure_merged_5hPa_filtered_normalized|d
900,900,30,SingleCross,W2,1,019|era5_pressure_merged_5hPa_filtered_normalized|u
900,1500,60,SingleCross,TailMSE,1,003|era5_pressure_merged_1hPa_filtered_normalized|pv
900,1500,60,SingleCross,FadeTailDist,1,065|era5_pressure_merged_650hPa_filtered_normalized|w
900,1500,60,SingleCross,TailW1,1,046|era5_pressure_merged_200hPa_filtered_normalized|u
900,1500,60,SingleCross,FadeDist,1,042|era5_pressure_merged_200hPa_filtered_normalized|ciwc
900,1500,60,SingleCross,RMSE,1,034|era5_pressure_merged_30hPa_filtered_normalized|vo
900,1500,60,SingleCross,W1,1,061|era5_pressure_merged_650hPa_filtered_normalized|cswc
900,1500,60,SingleCross,W2,1,046|era5_pressure_merged_200hPa_filtered_normalized|u
900,2100,60,SingleCross,TailMSE,1,014|era5_pressure_merged_5hPa_filtered_normalized|o3
900,2100,60,SingleCross,FadeTailDist,1,032|era5_pressure_merged_30hPa_filtered_normalized|v
900,2100,60,SingleCross,TailW1,1,000|era5_pressure_merged_1hPa_filtered_normalized|d
900,2100,60,SingleCross,FadeDist,1,033|era5_pressure_merged_30hPa_filtered_normalized|w
900,2100,60,SingleCross,RMSE,1,009|era5_pressure_merged_1hPa_filtered_normalized|w
900,2100,60,SingleCross,W1,1,014|era5_pressure_merged_5hPa_filtered_normalized|o3
900,2100,60,SingleCross,W2,1,047|era5_pressure_merged_200hPa_filtered_normalized|v
900,2700,60,SingleCross,TailMSE,1,021|era5_pressure_merged_5hPa_filtered_normalized|w
900,2700,60,SingleCross,FadeTailDist,1,022|era5_pressure_merged_5hPa_filtered_normalized|vo
900,2700,60,SingleCross,TailW1,1,014|era5_pressure_merged_5hPa_filtered_normalized|o3
900,2700,60,SingleCross,FadeDist,1,018|era5_pressure_merged_5hPa_filtered_normalized|t
900,2700,60,SingleCross,RMSE,1,041|era5_pressure_merged_200hPa_filtered_normalized|r
900,2700,60,SingleCross,W1,1,057|era5_pressure_merged_650hPa_filtered_normalized|ciwc
900,2700,60,SingleCross,W2,1,016|era5_pressure_merged_5hPa_filtered_normalized|r
900,900,60,SingleCross,TailMSE,1,010|era5_pressure_merged_1hPa_filtered_normalized|vo
900,900,60,SingleCross,FadeTailDist,1,028|era5_pressure_merged_30hPa_filtered_normalized|r
900,900,60,SingleCross,TailW1,1,064|era5_pressure_merged_650hPa_filtered_normalized|v
900,900,60,SingleCross,FadeDist,1,003|era5_pressure_merged_1hPa_filtered_normalized|pv
900,900,60,SingleCross,RMSE,1,063|era5_pressure_merged_650hPa_filtered_normalized|u
900,900,60,SingleCross,W1,1,061|era5_pressure_merged_650hPa_filtered_normalized|cswc
900,900,60,SingleCross,W2,1,033|era5_pressure_merged_30hPa_filtered_normalized|w
